scenario,backend,rows,cols,patch_extent,max_level,base_cells,adaptive_leaf_cells,cell_count_ratio,level0_cells,level1_cells,level2_cells,active_patches,maximum_active_level,refined_patches,coarsened_patches,steps,threads,rank_count,dynamic_load_balancing,migration_count,migrated_patches,migrated_cells,migration_time_seconds,pre_rebalance_imbalance,post_rebalance_imbalance,last_rebalance_timestep,runtime_seconds,wall_seconds,compute_seconds,mesh_seconds,cfl_seconds,interface_seconds,update_seconds,activity_seconds,regridding_seconds,communication_seconds,diagnostics_seconds,minimum_rank_work,maximum_rank_work,mean_rank_work,load_imbalance,rank_workload_distribution,workload_snapshots,initial_volume,final_volume,rainfall_volume,infiltration_volume,outflow_volume,mass_balance_residual,maximum_velocity,maximum_interface_mass_flux_residual,maximum_regrid_volume_delta,repeat,timestamp_utc
dam-break,serial,32,32,4,2,1024,5440,5.3125,512,1088,3840,340,2,92,0,7,1,1,false,0,0,0,0,1,1,0,0.29172729211859405,0.4899617499904707,0.26821087417192757,0.0082848761230707169,9.6916686743497849e-05,0.25448783277533948,0.0010887507814913988,0.0042506267782300711,0.022719041910022497,0,3.824988380074501e-05,5440,5440,5440,1,0:5440:340:5440:0.26821087417192757:0,1@0.02@1024@1024@1024@1[0:1024:64:1024:0.0030747498385608196:0]|2@0.040000000000000001@2176@2176@2176@1[0:2176:136:2176:0.0057646250352263451:0]|3@0.059999999999999998@2176@2176@2176@1[0:2176:136:2176:0.019247374963015318:0]|4@0.080000000000000002@5440@5440@5440@1[0:5440:340:5440:0.032374707981944084:0]|5@0.09596377142035252@5440@5440@5440@1[0:5440:340:5440:0.11060024914331734:0]|6@0.11192754284070504@5440@5440@5440@1[0:5440:340:5440:0.18991274922154844:0]|7@0.12@5440@5440@5440@1[0:5440:340:5440:0.26821087417192757:0],512,512,0,0,0,0,1.5777329825061703,0,9.0949470177292824e-13,1,2026-10-04T16:18:14.447767+00:00
dam-break,serial,32,32,4,2,1024,5440,5.3125,512,1088,3840,340,2,92,0,7,1,1,false,0,0,0,0,1,1,0,0.29467549989931285,0.48496879200683907,0.27125179138965905,0.0082109998911619186,9.0208835899829865e-05,0.25768341566435993,0.0010624967981129885,0.0042027074377983809,0.022722707828506827,0,3.9624981582164764e-05,5440,5440,5440,1,0:5440:340:5440:0.27125179138965905:0,1@0.02@1024@1024@1024@1[0:1024:64:1024:0.0030861671548336744:0]|2@0.040000000000000001@2176@2176@2176@1[0:2176:136:2176:0.0058340001851320267:0]|3@0.059999999999999998@2176@2176@2176@1[0:2176:136:2176:0.019371125148609281:0]|4@0.080000000000000002@5440@5440@5440@1[0:5440:340:5440:0.032487125135958195:0]|5@0.09596377142035252@5440@5440@5440@1[0:5440:340:5440:0.11222700029611588:0]|6@0.11192754284070504@5440@5440@5440@1[0:5440:340:5440:0.19181837537325919:0]|7@0.12@5440@5440@5440@1[0:5440:340:5440:0.27125179138965905:0],512,512,0,0,0,0,1.5777329825061703,0,9.0949470177292824e-13,2,2026-10-04T16:18:14.933045+00:00
dam-break,serial,32,32,4,2,1024,5440,5.3125,512,1088,3840,340,2,92,0,7,1,1,false,0,0,0,0,1,1,0,0.29029283300042152,0.49567041601403616,0.26673329109326005,0.0080201262608170509,8.6625339463353157e-05,0.25326258526183665,0.0010798762086778879,0.0042820004746317863,0.02285604109056294,0,4.0374929085373878e-05,5440,5440,5440,1,0:5440:340:5440:0.26673329109326005:0,1@0.02@1024@1024@1024@1[0:1024:64:1024:0.0031006669159978628:0]|2@0.040000000000000001@2176@2176@2176@1[0:2176:136:2176:0.0058772920165210962:0]|3@0.059999999999999998@2176@2176@2176@1[0:2176:136:2176:0.019377542193979025:0]|4@0.080000000000000002@5440@5440@5440@1[0:5440:340:5440:0.032619792269542813:0]|5@0.09596377142035252@5440@5440@5440@1[0:5440:340:5440:0.11053145839832723:0]|6@0.11192754284070504@5440@5440@5440@1[0:5440:340:5440:0.1885905412491411:0]|7@0.12@5440@5440@5440@1[0:5440:340:5440:0.26673329109326005:0],512,512,0,0,0,0,1.5777329825061703,0,9.0949470177292824e-13,3,2026-10-04T16:18:15.428964+00:00
dam-break,openmp,32,32,4,2,1024,5440,5.3125,512,1088,3840,340,2,92,0,7,1,1,false,0,0,0,0,1,1,0,0.038327750051394105,0.22802437498467043,0.014945418108254671,0.0076292490120977163,8.72085802257061e-05,0.0013027489185333252,0.0016279574483633041,0.0042964578606188297,0.022735000122338533,0,3.6749988794326782e-05,5440,5440,5440,1,0:5440:340:5440:0.014945418108254671:0,1@0.02@1024@1024@1024@1[0:1024:64:1024:0.00068170903250575066:0]|2@0.040000000000000001@2176@2176@2176@1[0:2176:136:2176:0.0012289180886000395:0]|3@0.059999999999999998@2176@2176@2176@1[0:2176:136:2176:0.0026935010682791471:0]|4@0.080000000000000002@5440@5440@5440@1[0:5440:340:5440:0.0042477091774344444:0]|5@0.09596377142035252@5440@5440@5440@1[0:5440:340:5440:0.0080150840803980827:0]|6@0.11192754284070504@5440@5440@5440@1[0:5440:340:5440:0.01148345903493464:0]|7@0.12@5440@5440@5440@1[0:5440:340:5440:0.014945418108254671:0],512,512,0,0,0,0,1.5777329825061703,0,9.0949470177292824e-13,1,2026-10-04T16:18:15.657303+00:00
dam-break,openmp,32,32,4,2,1024,5440,5.3125,512,1088,3840,340,2,92,0,7,1,1,false,0,0,0,0,1,1,0,0.03847729112021625,0.23398470901884139,0.015157124027609825,0.0078182511497288942,9.4874761998653412e-05,0.0013082090299576521,0.0015153768472373486,0.0044187936000525951,0.022649666760116816,0,4.2958883568644524e-05,5440,5440,5440,1,0:5440:340:5440:0.015157124027609825:0,1@0.02@1024@1024@1024@1[0:1024:64:1024:0.00067950016818940639:0]|2@0.040000000000000001@2176@2176@2176@1[0:2176:136:2176:0.001223541097715497:0]|3@0.059999999999999998@2176@2176@2176@1[0:2176:136:2176:0.0026637499686330557:0]|4@0.080000000000000002@5440@5440@5440@1[0:5440:340:5440:0.0043134998995810747:0]|5@0.09596377142035252@5440@5440@5440@1[0:5440:340:5440:0.0080596250481903553:0]|6@0.11192754284070504@5440@5440@5440@1[0:5440:340:5440:0.011497541097924113:0]|7@0.12@5440@5440@5440@1[0:5440:340:5440:0.015157124027609825:0],512,512,0,0,0,0,1.5777329825061703,0,9.0949470177292824e-13,2,2026-10-04T16:18:15.891562+00:00
dam-break,openmp,32,32,4,2,1024,5440,5.3125,512,1088,3840,340,2,92,0,7,1,1,false,0,0,0,0,1,1,0,0.038451999891549349,0.22828258300432935,0.015039208345115185,0.0080085815861821175,9.6290837973356247e-05,0.0012899579014629126,0.0015246269758790731,0.0041179577820003033,0.022686541778966784,0,4.1499966755509377e-05,5440,5440,5440,1,0:5440:340:5440:0.015039208345115185:0,1@0.02@1024@1024@1024@1[0:1024:64:1024:0.00067983288317918777:0]|2@0.040000000000000001@2176@2176@2176@1[0:2176:136:2176:0.0012182916980236769:0]|3@0.059999999999999998@2176@2176@2176@1[0:2176:136:2176:0.0026901667006313801:0]|4@0.080000000000000002@5440@5440@5440@1[0:5440:340:5440:0.0039830415043979883:0]|5@0.09596377142035252@5440@5440@5440@1[0:5440:340:5440:0.0080654164776206017:0]|6@0.11192754284070504@5440@5440@5440@1[0:5440:340:5440:0.011564500397071242:0]|7@0.12@5440@5440@5440@1[0:5440:340:5440:0.015039208345115185:0],512,512,0,0,0,0,1.5777329825061703,0,9.0949470177292824e-13,3,2026-10-04T16:18:16.120096+00:00
dam-break,openmp,32,32,4,2,1024,5440,5.3125,512,1088,3840,340,2,92,0,7,2,1,false,0,0,0,0,1,1,0,0.037514958065003157,0.2284855830075685,0.014252958120778203,0.0076608757954090834,0.00017562531866133213,0.00092270877212285995,0.0010932090226560831,0.0043987920507788658,0.022600625175982714,0,3.7000048905611038e-05,5440,5440,5440,1,0:5440:340:5440:0.014252958120778203:0,1@0.02@1024@1024@1024@1[0:1024:64:1024:0.0007580840028822422:0]|2@0.040000000000000001@2176@2176@2176@1[0:2176:136:2176:0.0013149171136319637:0]|3@0.059999999999999998@2176@2176@2176@1[0:2176:136:2176:0.0026909171137958765:0]|4@0.080000000000000002@5440@5440@5440@1[0:5440:340:5440:0.0039873330388218164:0]|5@0.09596377142035252@5440@5440@5440@1[0:5440:340:5440:0.0077270411420613527:0]|6@0.11192754284070504@5440@5440@5440@1[0:5440:340:5440:0.011014833115041256:0]|7@0.12@5440@5440@5440@1[0:5440:340:5440:0.014252958120778203:0],512,512,0,0,0,0,1.5777329825061703,0,9.0949470177292824e-13,1,2026-10-04T16:18:16.348867+00:00
dam-break,openmp,32,32,4,2,1024,5440,5.3125,512,1088,3840,340,2,92,0,7,2,1,false,0,0,0,0,1,1,0,0.037893207976594567,0.23186287499265745,0.014595791464671493,0.0080084167420864105,0.0002080423291772604,0.0010363329201936722,0.0011267922818660736,0.0042144176550209522,0.022634499939158559,0,4.1208928450942039e-05,5440,5440,5440,1,0:5440:340:5440:0.014595791464671493:0,1@0.02@1024@1024@1024@1[0:1024:64:1024:0.00078370794653892517:0]|2@0.040000000000000001@2176@2176@2176@1[0:2176:136:2176:0.0013574580661952496:0]|3@0.059999999999999998@2176@2176@2176@1[0:2176:136:2176:0.0027966252528131008:0]|4@0.080000000000000002@5440@5440@5440@1[0:5440:340:5440:0.0040448752697557211:0]|5@0.09596377142035252@5440@5440@5440@1[0:5440:340:5440:0.0076929584611207247:0]|6@0.11192754284070504@5440@5440@5440@1[0:5440:340:5440:0.011277791345492005:0]|7@0.12@5440@5440@5440@1[0:5440:340:5440:0.014595791464671493:0],512,512,0,0,0,0,1.5777329825061703,0,9.0949470177292824e-13,2,2026-10-04T16:18:16.580983+00:00
dam-break,openmp,32,32,4,2,1024,5440,5.3125,512,1088,3840,340,2,92,0,7,2,1,false,0,0,0,0,1,1,0,0.03775158291682601,0.2284031250164844,0.01434204145334661,0.0075991253834217787,0.0001622058916836977,0.0012173729483038187,0.001106498995795846,0.0042550826910883188,0.022757333936169744,0,3.6707846447825432e-05,5440,5440,5440,1,0:5440:340:5440:0.01434204145334661:0,1@0.02@1024@1024@1024@1[0:1024:64:1024:0.00071733305230736732:0]|2@0.040000000000000001@2176@2176@2176@1[0:2176:136:2176:0.0012813331559300423:0]|3@0.059999999999999998@2176@2176@2176@1[0:2176:136:2176:0.0027109992224723101:0]|4@0.080000000000000002@5440@5440@5440@1[0:5440:340:5440:0.0039744572713971138:0]|5@0.09596377142035252@5440@5440@5440@1[0:5440:340:5440:0.0075423743110150099:0]|6@0.11192754284070504@5440@5440@5440@1[0:5440:340:5440:0.010760708479210734:0]|7@0.12@5440@5440@5440@1[0:5440:340:5440:0.01434204145334661:0],512,512,0,0,0,0,1.5777329825061703,0,9.0949470177292824e-13,3,2026-10-04T16:18:16.809647+00:00
dam-break,openmp,32,32,4,2,1024,5440,5.3125,512,1088,3840,340,2,92,0,7,4,1,false,0,0,0,0,1,1,0,0.037885583005845547,0.23191641698940657,0.014576292363926768,0.0080357508268207312,0.00023508281446993351,0.00088083511218428612,0.00094004138372838497,0.004482748918235302,0.022610166110098362,0,3.8541154935956001e-05,5440,5440,5440,1,0:5440:340:5440:0.014576292363926768:0,1@0.02@1024@1024@1024@1[0:1024:64:1024:0.0007616670336574316:0]|2@0.040000000000000001@2176@2176@2176@1[0:2176:136:2176:0.0013336671981960535:0]|3@0.059999999999999998@2176@2176@2176@1[0:2176:136:2176:0.0031632082536816597:0]|4@0.080000000000000002@5440@5440@5440@1[0:5440:340:5440:0.004534875275567174:0]|5@0.09596377142035252@5440@5440@5440@1[0:5440:340:5440:0.0080065003130584955:0]|6@0.11192754284070504@5440@5440@5440@1[0:5440:340:5440:0.011248333379626274:0]|7@0.12@5440@5440@5440@1[0:5440:340:5440:0.014576292363926768:0],512,512,0,0,0,0,1.5777329825061703,0,9.0949470177292824e-13,1,2026-10-04T16:18:17.041839+00:00
dam-break,openmp,32,32,4,2,1024,5440,5.3125,512,1088,3840,340,2,92,0,7,4,1,false,0,0,0,0,1,1,0,0.037426084047183394,0.2280358749849256,0.013826665934175253,0.0077050828840583563,0.0002065831795334816,0.00079670990817248821,0.00088637601584196091,0.0042303330264985561,0.02293429197743535,0,4.8374990001320839e-05,5440,5440,5440,1,0:5440:340:5440:0.013826665934175253:0,1@0.02@1024@1024@1024@1[0:1024:64:1024:0.00077849999070167542:0]|2@0.040000000000000001@2176@2176@2176@1[0:2176:136:2176:0.0013572080060839653:0]|3@0.059999999999999998@2176@2176@2176@1[0:2176:136:2176:0.0027502910234034061:0]|4@0.080000000000000002@5440@5440@5440@1[0:5440:340:5440:0.0040082910563796759:0]|5@0.09596377142035252@5440@5440@5440@1[0:5440:340:5440:0.0075178749393671751:0]|6@0.11192754284070504@5440@5440@5440@1[0:5440:340:5440:0.010628750082105398:0]|7@0.12@5440@5440@5440@1[0:5440:340:5440:0.013826665934175253:0],512,512,0,0,0,0,1.5777329825061703,0,9.0949470177292824e-13,2,2026-10-04T16:18:17.270127+00:00
dam-break,openmp,32,32,4,2,1024,5440,5.3125,512,1088,3840,340,2,92,0,7,4,1,false,0,0,0,0,1,1,0,0.037586916936561465,0.22846712500904687,0.014240457210689783,0.0081342512276023626,0.00021349894814193249,0.00081416592001914978,0.00084558385424315929,0.0042312510777264833,0.022692915983498096,0,3.8291094824671745e-05,5440,5440,5440,1,0:5440:340:5440:0.014240457210689783:0,1@0.02@1024@1024@1024@1[0:1024:64:1024:0.00075529213063418865:0]|2@0.040000000000000001@2176@2176@2176@1[0:2176:136:2176:0.0013110421132296324:0]|3@0.059999999999999998@2176@2176@2176@1[0:2176:136:2176:0.0027059582062065601:0]|4@0.080000000000000002@5440@5440@5440@1[0:5440:340:5440:0.0039820412639528513:0]|5@0.09596377142035252@5440@5440@5440@1[0:5440:340:5440:0.0074249573517590761:0]|6@0.11192754284070504@5440@5440@5440@1[0:5440:340:5440:0.011024457169696689:0]|7@0.12@5440@5440@5440@1[0:5440:340:5440:0.014240457210689783:0],512,512,0,0,0,0,1.5777329825061703,0,9.0949470177292824e-13,3,2026-10-04T16:18:17.498854+00:00
dam-break,mpi,32,32,4,2,1024,5440,5.3125,512,1088,3840,340,2,92,0,7,1,1,false,0,0,0,0,1,1,0,0.035264000000000004,0.25555449997773394,0.012359999999999996,0.0077490000000000007,8.6999999999995067e-05,0.001350999999999998,0.0015819999999999983,0.0015890000000000019,0.021911999999999997,0.0019390000000000084,0.00010099999999999693,5440,5440,5440,1,0:5440:340:5440:0.012359999999999996:0.001891000000000009,1@0.02@1024@1024@1024@1[0:1024:64:1024:0.00064299999999999947:8.9000000000002272e-05]|2@0.040000000000000001@2176@2176@2176@1[0:2176:136:2176:0.00115:0.00043000000000000156]|3@0.059999999999999998@2176@2176@2176@1[0:2176:136:2176:0.0024069999999999994:0.00058300000000000018]|4@0.080000000000000002@5440@5440@5440@1[0:5440:340:5440:0.0035159999999999983:0.00073699999999999981]|5@0.09596377142035252@5440@5440@5440@1[0:5440:340:5440:0.0066680000000000003:0.0011100000000000051]|6@0.11192754284070504@5440@5440@5440@1[0:5440:340:5440:0.0095000000000000015:0.0014930000000000065]|7@0.12@5440@5440@5440@1[0:5440:340:5440:0.012359999999999996:0.001891000000000009],512,512,0,0,0,0,1.5777329825061703,0,9.0949470177292824e-13,1,2026-10-04T16:18:17.754726+00:00
dam-break,mpi,32,32,4,2,1024,5440,5.3125,512,1088,3840,340,2,92,0,7,1,1,false,0,0,0,0,1,1,0,0.034917000000000004,0.25598058398463763,0.012697000000000003,0.0077569999999999948,9.2000000000010476e-05,0.0014239999999999947,0.0016559999999999995,0.0017660000000000019,0.021469999999999996,0.0018349999999999964,8.9999999999999802e-05,5440,5440,5440,1,0:5440:340:5440:0.012697000000000003:0.0017819999999999989,1@0.02@1024@1024@1024@1[0:1024:64:1024:0.00062399999999999956:7.2999999999998413e-05]|2@0.040000000000000001@2176@2176@2176@1[0:2176:136:2176:0.0013240000000000005:0.00015199999999999762]|3@0.059999999999999998@2176@2176@2176@1[0:2176:136:2176:0.0025800000000000007:0.00029799999999999792]|4@0.080000000000000002@5440@5440@5440@1[0:5440:340:5440:0.0037020000000000004:0.00045699999999999907]|5@0.09596377142035252@5440@5440@5440@1[0:5440:340:5440:0.0068299999999999993:0.00082899999999999641]|6@0.11192754284070504@5440@5440@5440@1[0:5440:340:5440:0.0096920000000000027:0.0012199999999999989]|7@0.12@5440@5440@5440@1[0:5440:340:5440:0.012697000000000003:0.0017819999999999989],512,512,0,0,0,0,1.5777329825061703,0,9.0949470177292824e-13,2,2026-10-04T16:18:18.011040+00:00
dam-break,mpi,32,32,4,2,1024,5440,5.3125,512,1088,3840,340,2,92,0,7,1,1,false,0,0,0,0,1,1,0,0.035004999999999994,0.25550766702508554,0.012715000000000008,0.0081060000000000038,0.00010499999999999919,0.0013270000000000018,0.0015970000000000047,0.0015769999999999968,0.021571,0.0016409999999999758,8.5999999999995802e-05,5440,5440,5440,1,0:5440:340:5440:0.012715000000000008:0.0015929999999999764,1@0.02@1024@1024@1024@1[0:1024:64:1024:0.00064300000000000121:6.7999999999998617e-05]|2@0.040000000000000001@2176@2176@2176@1[0:2176:136:2176:0.0011300000000000008:0.0001379999999999975]|3@0.059999999999999998@2176@2176@2176@1[0:2176:136:2176:0.0023920000000000018:0.00028799999999999833]|4@0.080000000000000002@5440@5440@5440@1[0:5440:340:5440:0.0035030000000000026:0.00044599999999999501]|5@0.09596377142035252@5440@5440@5440@1[0:5440:340:5440:0.006692:0.00081799999999998541]|6@0.11192754284070504@5440@5440@5440@1[0:5440:340:5440:0.009838000000000003:0.001211999999999977]|7@0.12@5440@5440@5440@1[0:5440:340:5440:0.012715000000000008:0.0015929999999999764],512,512,0,0,0,0,1.5777329825061703,0,9.0949470177292824e-13,3,2026-10-04T16:18:18.266799+00:00
dam-break,mpi,32,32,4,2,1024,5440,5.3125,512,1088,3840,340,2,92,0,7,1,2,false,0,0,0,0,1,1,0,0.036055000000000004,0.259370542014949,0.012036000000000002,0.0082410000000000035,7.999999999999674e-05,0.0016419999999999959,0.0010310000000000024,0.0010400000000000045,0.021381000000000004,0.0044979999999999604,0.0019230000000000011,2720,2720,2720,1,0:2720:170:2720:0.012036000000000002:0.0025949999999999585;1:2720:170:2720:0.012070000000000001:0.002650999999999978,1@0.02@512@512@512@1[0:512:32:512:0.00059299999999999978:6.8999999999999617e-05;1:512:32:512:0.00059500000000000004:0.00010399999999999993]|2@0.040000000000000001@1088@1088@1088@1[0:1088:68:1088:0.0017899999999999999:0.0009719999999999937;1:1088:68:1088:0.0017920000000000002:0.00099200000000000156]|3@0.059999999999999998@1088@1088@1088@1[0:1088:68:1088:0.0033519999999999973:0.001292999999999999;1:1088:68:1088:0.0033480000000000003:0.0012279999999999999]|4@0.080000000000000002@2720@2720@2720@1[0:2720:170:2720:0.0043939999999999986:0.001753999999999957;1:2720:170:2720:0.0044240000000000008:0.0018279999999999946]|5@0.09596377142035252@2720@2720@2720@1[0:2720:170:2720:0.0071869999999999955:0.0020289999999999545;1:2720:170:2720:0.0072210000000000017:0.0021369999999999844]|6@0.11192754284070504@2720@2720@2720@1[0:2720:170:2720:0.0096379999999999973:0.0023289999999999492;1:2720:170:2720:0.0096710000000000025:0.0024009999999999847]|7@0.12@2720@2720@2720@1[0:2720:170:2720:0.012036000000000002:0.0025949999999999585;1:2720:170:2720:0.012070000000000001:0.002650999999999978],512,512,0,0,0,0,1.5777329825061703,0,3.4106051316484809e-13,1,2026-10-04T16:18:18.526466+00:00
dam-break,mpi,32,32,4,2,1024,5440,5.3125,512,1088,3840,340,2,92,0,7,1,2,false,0,0,0,0,1,1,0,0.035826000000000004,0.2586770420020912,0.011784000000000003,0.0083319999999999991,7.6000000000006618e-05,0.0013929999999999967,0.0010149999999999933,0.00096700000000000952,0.021428999999999997,0.003981000000000014,0.0017410000000000064,2720,2720,2720,1,0:2720:170:2720:0.011784000000000003:0.0022599999999999999;1:2720:170:2720:0.011786000000000005:0.0021419999999999564,1@0.02@512@512@512@1[0:512:32:512:0.00058000000000000065:8.3000000000001475e-05;1:512:32:512:0.00057700000000000112:8.7999999999999537e-05]|2@0.040000000000000001@1088@1088@1088@1[0:1088:68:1088:0.0014950000000000015:0.00065100000000000227;1:1088:68:1088:0.001491000000000001:0.00068199999999999684]|3@0.059999999999999998@1088@1088@1088@1[0:1088:68:1088:0.0026340000000000009:0.00080000000000000383;1:1088:68:1088:0.0026290000000000011:0.00080299999999999816]|4@0.080000000000000002@2720@2720@2720@1[0:2720:170:2720:0.0036510000000000015:0.0012320000000000057;1:2720:170:2720:0.0036460000000000034:0.0013009999999999688]|5@0.09596377142035252@2720@2720@2720@1[0:2720:170:2720:0.0065040000000000028:0.0015810000000000008;1:2720:170:2720:0.0065110000000000029:0.0015769999999999673]|6@0.11192754284070504@2720@2720@2720@1[0:2720:170:2720:0.0093040000000000067:0.001944000000000003;1:2720:170:2720:0.0093090000000000048:0.0018919999999999701]|7@0.12@2720@2720@2720@1[0:2720:170:2720:0.011784000000000003:0.0022599999999999999;1:2720:170:2720:0.011786000000000005:0.0021419999999999564],512,512,0,0,0,0,1.5777329825061703,0,3.4106051316484809e-13,2,2026-10-04T16:18:18.785434+00:00
dam-break,mpi,32,32,4,2,1024,5440,5.3125,512,1088,3840,340,2,92,0,7,1,2,false,0,0,0,0,1,1,0,0.034855999999999998,0.2619260000064969,0.011548000000000004,0.0083480000000000047,7.6999999999998944e-05,0.0011500000000000087,0.0010039999999999945,0.00096799999999999838,0.021443999999999991,0.0032509999999999952,0.0011029999999999998,2720,2720,2720,1,0:2720:170:2720:0.011548000000000004:0.0021670000000000075;1:2720:170:2720:0.011544000000000004:0.0023329999999999775,1@0.02@512@512@512@1[0:512:32:512:0.00057899999999999965:7.6000000000001414e-05;1:512:32:512:0.00058099999999999992:0.0003709999999999998]|2@0.040000000000000001@1088@1088@1088@1[0:1088:68:1088:0.0012180000000000003:0.00036200000000000121;1:1088:68:1088:0.0012189999999999996:0.00069200000000000164]|3@0.059999999999999998@1088@1088@1088@1[0:1088:68:1088:0.0023840000000000007:0.00047800000000000099;1:1088:68:1088:0.002382999999999998:0.00083600000000000167]|4@0.080000000000000002@2720@2720@2720@1[0:2720:170:2720:0.0033450000000000025:0.0010060000000000052;1:2720:170:2720:0.003344999999999999:0.0013359999999999796]|5@0.09596377142035252@2720@2720@2720@1[0:2720:170:2720:0.00643:0.0014970000000000105;1:2720:170:2720:0.0064259999999999994:0.0016789999999999826]|6@0.11192754284070504@2720@2720@2720@1[0:2720:170:2720:0.0089290000000000012:0.0017610000000000108;1:2720:170:2720:0.0089260000000000016:0.0020079999999999786]|7@0.12@2720@2720@2720@1[0:2720:170:2720:0.011548000000000004:0.0021670000000000075;1:2720:170:2720:0.011544000000000004:0.0023329999999999775],512,512,0,0,0,0,1.5777329825061703,0,3.4106051316484809e-13,3,2026-10-04T16:18:19.047656+00:00
dam-break,mpi,32,32,4,2,1024,5440,5.3125,512,1088,3840,340,2,92,0,7,1,4,false,0,0,0,0,1,1,0,0.039197000000000003,0.2698258330055978,0.013285000000000005,0.0095520000000000049,0.00011600000000000152,0.0019480000000000018,0.00097599999999999423,0.00068900000000000211,0.024109000000000002,0.0063820000000000612,0.00079700000000000604,1216,1504,1360,1.1058823529411765,0:1216:76:1216:0.013285000000000005:0.0055940000000000503;1:1504:94:1504:0.013436:0.0047040000000000484;2:1216:76:1216:0.013408:0.004705999999999955;3:1504:94:1504:0.013419:0.0066869999999999933,1@0.02@256@256@256@1[0:256:16:256:0.00090499999999999955:0.00026100000000000081;1:256:16:256:0.00092299999999999674:0.00015600000000000336;2:256:16:256:0.00089200000000000043:0.00030399999999999872;3:256:16:256:0.00089799999999999949:0.00043800000000000262]|2@0.040000000000000001@544@544@544@1[0:544:34:544:0.0021419999999999981:0.0014139999999999986;1:544:34:544:0.0021559999999999982:0.0011130000000000202;2:544:34:544:0.0021299999999999999:0.0013520000000000077;3:544:34:544:0.002137:0.0016650000000000015]|3@0.059999999999999998@544@544@544@1[0:544:34:544:0.0033529999999999983:0.0016660000000000008;1:544:34:544:0.0033660000000000009:0.0012550000000000165;2:544:34:544:0.0033430000000000022:0.0016020000000000149;3:544:34:544:0.0033450000000000008:0.0018679999999999999]|4@0.080000000000000002@1216@1504@1360@1.1058823529411765[0:1216:76:1216:0.0043419999999999986:0.0042440000000000672;1:1504:94:1504:0.0043550000000000012:0.0032560000000000505;2:1216:76:1216:0.004331000000000005:0.0027749999999999598;3:1504:94:1504:0.0043359999999999996:0.0046850000000000034]|5@0.09596377142035252@1216@1504@1360@1.1058823529411765[0:1216:76:1216:0.0071890000000000009:0.0046640000000000501;1:1504:94:1504:0.0072019999999999966:0.0035940000000000485;2:1216:76:1216:0.0071760000000000053:0.0031279999999999589;3:1504:94:1504:0.0071859999999999979:0.0050730000000000029]|6@0.11192754284070504@1216@1504@1360@1.1058823529411765[0:1216:76:1216:0.010784000000000002:0.0053360000000000421;1:1504:94:1504:0.010790999999999999:0.0041170000000000442;2:1216:76:1216:0.010763000000000005:0.0040199999999999559;3:1504:94:1504:0.010772999999999998:0.0061149999999999902]|7@0.12@1216@1504@1360@1.1058823529411765[0:1216:76:1216:0.013285000000000005:0.0055940000000000503;1:1504:94:1504:0.013436:0.0047040000000000484;2:1216:76:1216:0.013408:0.004705999999999955;3:1504:94:1504:0.013419:0.0066869999999999933],512,512,0,0,0,0,1.5777329825061703,0,3.979039320256561e-13,1,2026-10-04T16:18:19.317826+00:00
dam-break,mpi,32,32,4,2,1024,5440,5.3125,512,1088,3840,340,2,92,0,7,1,4,false,0,0,0,0,1,1,0,0.038985999999999965,0.27464674998191185,0.011456999999999981,0.0085699999999999908,7.9000000000006149e-05,0.0013269999999999983,0.0007579999999999705,0.0007220000000000143,0.025007000000000001,0.0080410000000000724,0.0018169999999999575,1216,1504,1360,1.1058823529411765,0:1216:76:1216:0.011456999999999981:0.0062189999999999711;1:1504:94:1504:0.011470999999999947:0.0055889999999999794;2:1216:76:1216:0.011448000000000054:0.0055189999999999077;3:1504:94:1504:0.011464999999999996:0.0043100000000001019,1@0.02@256@256@256@1[0:256:16:256:0.00067499999999999852:0.00019700000000000273;1:256:16:256:0.00067800000000000152:0.00012499999999999664;2:256:16:256:0.00067900000000000078:0.00020900000000000259;3:256:16:256:0.00068499999999999985:0.00023799999999999863]|2@0.040000000000000001@544@544@544@1[0:544:34:544:0.0017280000000000004:0.0010589999999999974;1:544:34:544:0.0017300000000000024:0.00091599999999998974;2:544:34:544:0.0017310000000000016:0.0010760000000000127;3:544:34:544:0.001736999999999999:0.0010620000000000074]|3@0.059999999999999998@544@544@544@1[0:544:34:544:0.0028819999999999991:0.0012579999999999883;1:544:34:544:0.0028800000000000006:0.001059999999999988;2:544:34:544:0.0028809999999999999:0.0012760000000000115;3:544:34:544:0.0028889999999999992:0.0012280000000000069]|4@0.080000000000000002@1216@1504@1360@1.1058823529411765[0:1216:76:1216:0.0038139999999999979:0.005305999999999967;1:1504:94:1504:0.0038110000000000019:0.0045959999999999994;2:1216:76:1216:0.0038120000000000012:0.0043129999999999575;3:1504:94:1504:0.003821999999999999:0.00332]|5@0.09596377142035252@1216@1504@1360@1.1058823529411765[0:1216:76:1216:0.0066429999999999961:0.0056749999999999683;1:1504:94:1504:0.0066420000000000021:0.0048999999999999842;2:1216:76:1216:0.0066390000000000043:0.0047509999999999584;3:1504:94:1504:0.0066480000000000011:0.0036139999999999957]|6@0.11192754284070504@1216@1504@1360@1.1058823529411765[0:1216:76:1216:0.0090839999999999949:0.0059789999999999531;1:1504:94:1504:0.0090830000000000008:0.0052289999999999802;2:1216:76:1216:0.0090780000000000079:0.0051279999999999538;3:1504:94:1504:0.0090909999999999949:0.0039520000000000007]|7@0.12@1216@1504@1360@1.1058823529411765[0:1216:76:1216:0.011456999999999981:0.0062189999999999711;1:1504:94:1504:0.011470999999999947:0.0055889999999999794;2:1216:76:1216:0.011448000000000054:0.0055189999999999077;3:1504:94:1504:0.011464999999999996:0.0043100000000001019],512,512,0,0,0,0,1.5777329825061703,0,3.979039320256561e-13,2,2026-10-04T16:18:19.592774+00:00
dam-break,mpi,32,32,4,2,1024,5440,5.3125,512,1088,3840,340,2,92,0,7,1,4,false,0,0,0,0,1,1,0,0.036137000000000002,0.26460187500924803,0.011296999999999996,0.008616999999999991,7.8000000000005149e-05,0.0010959999999999998,0.00080500000000000016,0.00069899999999999823,0.023046000000000001,0.0047180000000000503,0.00099899999999999989,1216,1504,1360,1.1058823529411765,0:1216:76:1216:0.011296999999999996:0.0037290000000000535;1:1504:94:1504:0.011283000000000005:0.0029990000000000173;2:1216:76:1216:0.011283000000000007:0.0036769999999999754;3:1504:94:1504:0.011281999999999997:0.0037829999999999895,1@0.02@256@256@256@1[0:256:16:256:0.0006580000000000006:0.0001829999999999974;1:256:16:256:0.00065899999999999986:0.0001819999999999964;2:256:16:256:0.00065899999999999986:0.00019500000000000246;3:256:16:256:0.00066100000000000013:0.00018600000000000214]|2@0.040000000000000001@544@544@544@1[0:544:34:544:0.0014650000000000028:0.00075799999999999652;1:544:34:544:0.001466000000000002:0.00069600000000000738;2:544:34:544:0.0014649999999999993:0.00078300000000000591;3:544:34:544:0.0014680000000000006:0.00078299999999999724]|3@0.059999999999999998@544@544@544@1[0:544:34:544:0.0026020000000000019:0.0008950000000000017;1:544:34:544:0.0026080000000000027:0.00084700000000000226;2:544:34:544:0.0026040000000000004:0.00095100000000000393;3:544:34:544:0.0026049999999999997:0.00095000000000000119]|4@0.080000000000000002@1216@1504@1360@1.1058823529411765[0:1216:76:1216:0.0036140000000000009:0.0026560000000000281;1:1504:94:1504:0.0036210000000000027:0.0021070000000000134;2:1216:76:1216:0.0036170000000000004:0.0026179999999999919;3:1504:94:1504:0.0036169999999999987:0.0027749999999999945]|5@0.09596377142035252@1216@1504@1360@1.1058823529411765[0:1216:76:1216:0.0065249999999999978:0.0031210000000000421;1:1504:94:1504:0.0065239999999999986:0.0024650000000000106;2:1216:76:1216:0.0065260000000000023:0.0030709999999999869;3:1504:94:1504:0.0065249999999999996:0.0032159999999999845]|6@0.11192754284070504@1216@1504@1360@1.1058823529411765[0:1216:76:1216:0.008905999999999999:0.0033740000000000454;1:1504:94:1504:0.0089070000000000017:0.0027260000000000149;2:1216:76:1216:0.0089050000000000084:0.0033289999999999813;3:1504:94:1504:0.0089089999999999968:0.003502999999999987]|7@0.12@1216@1504@1360@1.1058823529411765[0:1216:76:1216:0.011296999999999996:0.0037290000000000535;1:1504:94:1504:0.011283000000000005:0.0029990000000000173;2:1216:76:1216:0.011283000000000007:0.0036769999999999754;3:1504:94:1504:0.011281999999999997:0.0037829999999999895],512,512,0,0,0,0,1.5777329825061703,0,3.979039320256561e-13,3,2026-10-04T16:18:19.857687+00:00
dam-break,mpi,32,32,4,2,1024,5440,5.3125,512,1088,3840,340,2,92,0,7,1,1,true,0,0,0,0,1,1,0,0.035495000000000006,0.25508404200081713,0.012906999999999993,0.0082749999999999942,9.7000000000005068e-05,0.0013229999999999995,0.0015960000000000002,0.0016139999999999991,0.021762000000000004,0.0016730000000000061,8.6000000000002741e-05,5440,5440,5440,1,0:5440:340:5440:0.012906999999999993:0.0016240000000000056,1@0.02@1024@1024@1024@1[0:1024:64:1024:0.00061800000000000049:7.3000000000000148e-05]|2@0.040000000000000001@2176@2176@2176@1[0:2176:136:2176:0.0011020000000000005:0.0001449999999999993]|3@0.059999999999999998@2176@2176@2176@1[0:2176:136:2176:0.0023690000000000013:0.00029499999999999839]|4@0.080000000000000002@5440@5440@5440@1[0:5440:340:5440:0.0034990000000000004:0.00045699999999999734]|5@0.09596377142035252@5440@5440@5440@1[0:5440:340:5440:0.0066369999999999953:0.00082500000000000455]|6@0.11192754284070504@5440@5440@5440@1[0:5440:340:5440:0.0094859999999999927:0.001211000000000002]|7@0.12@5440@5440@5440@1[0:5440:340:5440:0.012906999999999993:0.0016240000000000056],512,512,0,0,0,0,1.5777329825061703,0,9.0949470177292824e-13,1,2026-10-04T16:18:20.113094+00:00
dam-break,mpi,32,32,4,2,1024,5440,5.3125,512,1088,3840,340,2,92,0,7,1,1,true,0,0,0,0,1,1,0,0.035177,0.25465162500040606,0.012665999999999998,0.0078079999999999955,9.7000000000006803e-05,0.0013220000000000037,0.0016199999999999895,0.0018159999999999999,0.021641000000000001,0.0018810000000000007,8.6999999999996802e-05,5440,5440,5440,1,0:5440:340:5440:0.012665999999999998:0.0018300000000000052,1@0.02@1024@1024@1024@1[0:1024:64:1024:0.0006130000000000007:6.8000000000000352e-05]|2@0.040000000000000001@2176@2176@2176@1[0:2176:136:2176:0.0011070000000000003:0.00014099999999999703]|3@0.059999999999999998@2176@2176@2176@1[0:2176:136:2176:0.0023829999999999997:0.00029599999999999939]|4@0.080000000000000002@5440@5440@5440@1[0:5440:340:5440:0.0034820000000000007:0.00044999999999999901]|5@0.09596377142035252@5440@5440@5440@1[0:5440:340:5440:0.0068669999999999998:0.0010409999999999933]|6@0.11192754284070504@5440@5440@5440@1[0:5440:340:5440:0.009809:0.0014300000000000007]|7@0.12@5440@5440@5440@1[0:5440:340:5440:0.012665999999999998:0.0018300000000000052],512,512,0,0,0,0,1.5777329825061703,0,9.0949470177292824e-13,2,2026-10-04T16:18:20.368017+00:00
dam-break,mpi,32,32,4,2,1024,5440,5.3125,512,1088,3840,340,2,92,0,7,1,1,true,0,0,0,0,1,1,0,0.035081999999999947,0.2568232500052545,0.012603000000000031,0.0078369999999998718,8.7000000000059252e-05,0.0013809999999999656,0.0017240000000000588,0.0015730000000000466,0.021650999999999865,0.0016269999999999341,8.5000000000001741e-05,5440,5440,5440,1,0:5440:340:5440:0.012603000000000031:0.0015789999999998861,1@0.02@1024@1024@1024@1[0:1024:64:1024:0.00061800000000000743:7.2000000000072006e-05]|2@0.040000000000000001@2176@2176@2176@1[0:2176:136:2176:0.0011020000000000474:0.00014300000000000423]|3@0.059999999999999998@2176@2176@2176@1[0:2176:136:2176:0.0025580000000000602:0.00029600000000007398]|4@0.080000000000000002@5440@5440@5440@1[0:5440:340:5440:0.0038020000000000831:0.00044200000000005346]|5@0.09596377142035252@5440@5440@5440@1[0:5440:340:5440:0.006937000000000082:0.00080899999999994865]|6@0.11192754284070504@5440@5440@5440@1[0:5440:340:5440:0.0097860000000000724:0.0011959999999998638]|7@0.12@5440@5440@5440@1[0:5440:340:5440:0.012603000000000031:0.0015789999999998861],512,512,0,0,0,0,1.5777329825061703,0,9.0949470177292824e-13,3,2026-10-04T16:18:20.625113+00:00
dam-break,mpi,32,32,4,2,1024,5440,5.3125,512,1088,3840,340,2,92,0,7,1,2,true,0,0,0,0,1,1,0,0.0349,0.2580135419848375,0.011687000000000005,0.0083739999999999978,0.00044400000000000342,0.00095300000000000072,0.00098099999999999576,0.00093400000000000601,0.021333000000000005,0.0028319999999999856,0.0010970000000000008,2720,2720,2720,1,0:2720:170:2720:0.011687000000000005:0.001753999999999983;1:2720:170:2720:0.011683999999999995:0.002445999999999976,1@0.02@512@512@512@1[0:512:32:512:0.00062100000000000002:6.8999999999999617e-05;1:512:32:512:0.00062000000000000076:0.00011900000000000278]|2@0.040000000000000001@1088@1088@1088@1[0:1088:68:1088:0.0014080000000000013:0.00051600000000000604;1:1088:68:1088:0.0014059999999999993:0.00059900000000000578]|3@0.059999999999999998@1088@1088@1088@1[0:1088:68:1088:0.0025450000000000021:0.00067900000000000425;1:1088:68:1088:0.0025389999999999996:0.00071399999999999936]|4@0.080000000000000002@2720@2720@2720@1[0:2720:170:2720:0.0034949999999999998:0.00091699999999998554;1:2720:170:2720:0.0034879999999999998:0.0013889999999999875]|5@0.09596377142035252@2720@2720@2720@1[0:2720:170:2720:0.0062749999999999976:0.0011859999999999909;1:2720:170:2720:0.0062720000000000015:0.0016549999999999759]|6@0.11192754284070504@2720@2720@2720@1[0:2720:170:2720:0.0092049999999999996:0.0015029999999999887;1:2720:170:2720:0.0092019999999999966:0.0021659999999999804]|7@0.12@2720@2720@2720@1[0:2720:170:2720:0.011687000000000005:0.001753999999999983;1:2720:170:2720:0.011683999999999995:0.002445999999999976],512,512,0,0,0,0,1.5777329825061703,0,3.4106051316484809e-13,1,2026-10-04T16:18:20.883424+00:00
dam-break,mpi,32,32,4,2,1024,5440,5.3125,512,1088,3840,340,2,92,0,7,1,2,true,0,0,0,0,1,1,0,0.035749000000000003,0.25942933300393634,0.011682999999999989,0.0083749999999999918,0.00042000000000001238,0.00094899999999998631,0.00097700000000000391,0.00093599999999999239,0.021423999999999999,0.0038269999999999988,0.0017539999999999986,2720,2720,2720,1,0:2720:170:2720:0.011682999999999989:0.0020920000000000053;1:2720:170:2720:0.011722000000000003:0.0020819999999999901,1@0.02@512@512@512@1[0:512:32:512:0.00057299999999999886:7.4000000000001148e-05;1:512:32:512:0.00061100000000000043:0.00011899999999999758]|2@0.040000000000000001@1088@1088@1088@1[0:1088:68:1088:0.0013439999999999997:0.00049200000000000112;1:1088:68:1088:0.0013880000000000003:0.00057399999999998945]|3@0.059999999999999998@1088@1088@1088@1[0:1088:68:1088:0.002928:0.0007490000000000014;1:1088:68:1088:0.0029599999999999991:0.00077699999999999124]|4@0.080000000000000002@2720@2720@2720@1[0:2720:170:2720:0.0040809999999999978:0.0013400000000000096;1:2720:170:2720:0.0041139999999999996:0.0012609999999999878]|5@0.09596377142035252@2720@2720@2720@1[0:2720:170:2720:0.0068459999999999945:0.0015950000000000079;1:2720:170:2720:0.0068830000000000002:0.0015689999999999975]|6@0.11192754284070504@2720@2720@2720@1[0:2720:170:2720:0.009265999999999993:0.0018470000000000032;1:2720:170:2720:0.0093039999999999998:0.0018239999999999958]|7@0.12@2720@2720@2720@1[0:2720:170:2720:0.011682999999999989:0.0020920000000000053;1:2720:170:2720:0.011722000000000003:0.0020819999999999901],512,512,0,0,0,0,1.5777329825061703,0,3.4106051316484809e-13,2,2026-10-04T16:18:21.143132+00:00
dam-break,mpi,32,32,4,2,1024,5440,5.3125,512,1088,3840,340,2,92,0,7,1,2,true,0,0,0,0,1,1,0,0.035178000000000001,0.25899483301327564,0.011765999999999999,0.0081460000000000039,0.00045399999999999954,0.0010959999999999945,0.0010499999999999989,0.0010190000000000008,0.021481,0.0031300000000000147,0.0011410000000000031,2720,2720,2720,1,0:2720:170:2720:0.011765999999999999:0.0020080000000000167;1:2720:170:2720:0.011769000000000002:0.002379999999999995,1@0.02@512@512@512@1[0:512:32:512:0.00061499999999999923:7.3000000000001883e-05;1:512:32:512:0.00061699999999999949:0.00012000000000000031]|2@0.040000000000000001@1088@1088@1088@1[0:1088:68:1088:0.0013959999999999997:0.0005290000000000069;1:1088:68:1088:0.0013979999999999982:0.00058400000000000639]|3@0.059999999999999998@1088@1088@1088@1[0:1088:68:1088:0.0025239999999999985:0.00066600000000000686;1:1088:68:1088:0.0025319999999999995:0.00070400000000000497]|4@0.080000000000000002@2720@2720@2720@1[0:2720:170:2720:0.0035009999999999972:0.00092400000000000815;1:2720:170:2720:0.0035099999999999992:0.0013949999999999952]|5@0.09596377142035252@2720@2720@2720@1[0:2720:170:2720:0.0067380000000000009:0.0015030000000000043;1:2720:170:2720:0.0067590000000000011:0.0017919999999999967]|6@0.11192754284070504@2720@2720@2720@1[0:2720:170:2720:0.009329999999999998:0.0017610000000000126;1:2720:170:2720:0.009333000000000001:0.0021019999999999945]|7@0.12@2720@2720@2720@1[0:2720:170:2720:0.011765999999999999:0.0020080000000000167;1:2720:170:2720:0.011769000000000002:0.002379999999999995],512,512,0,0,0,0,1.5777329825061703,0,3.4106051316484809e-13,3,2026-10-04T16:18:21.402403+00:00
dam-break,mpi,32,32,4,2,1024,5440,5.3125,512,1088,3840,340,2,92,0,7,1,4,true,0,0,0,0,1,1,0,0.036694000000000004,0.266798791999463,0.012619999999999996,0.0096380000000000007,0.00044199999999999101,0.0008940000000000059,0.00094799999999999746,0.0006969999999999997,0.022209999999999997,0.0040140000000000401,0.00076999999999999985,1216,1504,1360,1.1058823529411765,0:1216:76:1216:0.012619999999999996:0.0032530000000000354;1:1504:94:1504:0.012617999999999996:0.003367000000000021;2:1216:76:1216:0.012555:0.0045690000000000331;3:1504:94:1504:0.012590000000000006:0.0042910000000000083,1@0.02@256@256@256@1[0:256:16:256:0.00061299999999999896:0.00012799999999999791;1:256:16:256:0.00061699999999999949:0.00012600000000000111;2:256:16:256:0.00061399999999999996:0.00016899999999999901;3:256:16:256:0.00061800000000000049:0.0001829999999999974]|2@0.040000000000000001@544@544@544@1[0:544:34:544:0.0013999999999999985:0.0006060000000000041;1:544:34:544:0.0014039999999999973:0.00062900000000000976;2:544:34:544:0.0014009999999999995:0.00066499999999997984;3:544:34:544:0.0014050000000000017:0.00067999999999998791]|3@0.059999999999999998@544@544@544@1[0:544:34:544:0.0025879999999999966:0.00078500000000000965;1:544:34:544:0.0025879999999999983:0.00086400000000000886;2:544:34:544:0.0025850000000000005:0.00088799999999998776;3:544:34:544:0.0025900000000000038:0.00090999999999998894]|4@0.080000000000000002@1216@1504@1360@1.1058823529411765[0:1216:76:1216:0.0035189999999999978:0.0014630000000000355;1:1504:94:1504:0.0035179999999999986:0.0022220000000000139;2:1216:76:1216:0.0035150000000000008:0.0022910000000000378;3:1504:94:1504:0.003519000000000003:0.0022269999999999911]|5@0.09596377142035252@1216@1504@1360@1.1058823529411765[0:1216:76:1216:0.0064639999999999941:0.0018770000000000262;1:1504:94:1504:0.0064509999999999967:0.0026190000000000154;2:1216:76:1216:0.0064440000000000018:0.0027820000000000362;3:1504:94:1504:0.0065080000000000016:0.0027390000000000036]|6@0.11192754284070504@1216@1504@1360@1.1058823529411765[0:1216:76:1216:0.010168999999999994:0.0029210000000000295;1:1504:94:1504:0.010164999999999999:0.0031260000000000229;2:1216:76:1216:0.010102000000000003:0.0042090000000000339;3:1504:94:1504:0.010221000000000003:0.0040309999999999981]|7@0.12@1216@1504@1360@1.1058823529411765[0:1216:76:1216:0.012619999999999996:0.0032530000000000354;1:1504:94:1504:0.012617999999999996:0.003367000000000021;2:1216:76:1216:0.012555:0.0045690000000000331;3:1504:94:1504:0.012590000000000006:0.0042910000000000083],512,512,0,0,0,0,1.5777329825061703,0,3.979039320256561e-13,1,2026-10-04T16:18:21.669522+00:00
dam-break,mpi,32,32,4,2,1024,5440,5.3125,512,1088,3840,340,2,92,0,7,1,4,true,0,0,0,0,1,1,0,0.038405999999999996,0.26762020800379105,0.012655,0.0095540000000000035,0.00051300000000000651,0.00095400000000000346,0.00091999999999999374,0.00071099999999999983,0.023007000000000003,0.0058649999999999761,0.0017439999999999956,1216,1504,1360,1.1058823529411765,0:1216:76:1216:0.012655:0.0041289999999999816;1:1504:94:1504:0.012615000000000006:0.0037229999999999468;2:1216:76:1216:0.012628000000000002:0.0050159999999999649;3:1504:94:1504:0.012657999999999996:0.0039470000000000165,1@0.02@256@256@256@1[0:256:16:256:0.00061500000000000096:0.00018000000000000134;1:256:16:256:0.0006080000000000009:0.00012799999999999964;2:256:16:256:0.00058900000000000098:0.00017599999999999734;3:256:16:256:0.00061399999999999996:0.00016900000000000422]|2@0.040000000000000001@544@544@544@1[0:544:34:544:0.001455999999999999:0.0007709999999999783;1:544:34:544:0.0014490000000000006:0.00078599999999998636;2:544:34:544:0.0014290000000000014:0.00079499999999999363;3:544:34:544:0.0014549999999999997:0.00083800000000001061]|3@0.059999999999999998@544@544@544@1[0:544:34:544:0.0026079999999999992:0.00094599999999997984;1:544:34:544:0.0026019999999999984:0.00092399999999999601;2:544:34:544:0.0025820000000000027:0.00095800000000000052;3:544:34:544:0.0026100000000000012:0.0010260000000000095]|4@0.080000000000000002@1216@1504@1360@1.1058823529411765[0:1216:76:1216:0.0035499999999999976:0.0027169999999999989;1:1504:94:1504:0.0035449999999999978:0.0025769999999999665;2:1216:76:1216:0.0035250000000000021:0.0029969999999999788;3:1504:94:1504:0.0035540000000000016:0.002185999999999997]|5@0.09596377142035252@1216@1504@1360@1.1058823529411765[0:1216:76:1216:0.0073829999999999937:0.0034230000000000042;1:1504:94:1504:0.0073860000000000019:0.0032099999999999542;2:1216:76:1216:0.0073570000000000042:0.004022999999999978;3:1504:94:1504:0.0073869999999999977:0.0030610000000000116]|6@0.11192754284070504@1216@1504@1360@1.1058823529411765[0:1216:76:1216:0.010276999999999994:0.0038529999999999971;1:1504:94:1504:0.010242000000000006:0.0034729999999999466;2:1216:76:1216:0.010253:0.0047309999999999783;3:1504:94:1504:0.010281999999999993:0.0036610000000000149]|7@0.12@1216@1504@1360@1.1058823529411765[0:1216:76:1216:0.012655:0.0041289999999999816;1:1504:94:1504:0.012615000000000006:0.0037229999999999468;2:1216:76:1216:0.012628000000000002:0.0050159999999999649;3:1504:94:1504:0.012657999999999996:0.0039470000000000165],512,512,0,0,0,0,1.5777329825061703,0,3.979039320256561e-13,2,2026-10-04T16:18:21.937444+00:00
dam-break,mpi,32,32,4,2,1024,5440,5.3125,512,1088,3840,340,2,92,0,7,1,4,true,0,0,0,0,1,1,0,0.036629000000000002,0.26554554200265557,0.012267999999999998,0.0094490000000000025,0.00062799999999999662,0.0007460000000000036,0.00076899999999999885,0.00067299999999999652,0.022593999999999996,0.0043020000000000592,0.00079200000000000104,1216,1504,1360,1.1058823529411765,0:1216:76:1216:0.012267999999999998:0.0035180000000000523;1:1504:94:1504:0.012241999999999996:0.0038850000000000273;2:1216:76:1216:0.012272999999999999:0.0039089999999999681;3:1504:94:1504:0.012272999999999999:0.003816999999999994,1@0.02@256@256@256@1[0:256:16:256:0.00065399999999999833:0.00016300000000000342;1:256:16:256:0.00064900000000000027:9.1999999999998333e-05;2:256:16:256:0.0006530000000000008:0.00020399999999999932;3:256:16:256:0.0006519999999999998:0.00022000000000000318]|2@0.040000000000000001@544@544@544@1[0:544:34:544:0.0015419999999999982:0.00091000000000001149;1:544:34:544:0.0015360000000000026:0.00083400000000000488;2:544:34:544:0.0015410000000000007:0.00094599999999999199;3:544:34:544:0.0015399999999999997:0.00089900000000000743]|3@0.059999999999999998@544@544@544@1[0:544:34:544:0.0027359999999999988:0.0011230000000000129;1:544:34:544:0.0027290000000000023:0.0010310000000000076;2:544:34:544:0.0027340000000000003:0.0010869999999999942;3:544:34:544:0.0027319999999999983:0.0010739999999999986]|4@0.080000000000000002@1216@1504@1360@1.1058823529411765[0:1216:76:1216:0.0037569999999999999:0.0025120000000000316;1:1504:94:1504:0.0037490000000000023:0.0025000000000000161;2:1216:76:1216:0.0037550000000000014:0.0026269999999999627;3:1504:94:1504:0.0037529999999999994:0.0025249999999999925]|5@0.09596377142035252@1216@1504@1360@1.1058823529411765[0:1216:76:1216:0.0072869999999999983:0.0028730000000000387;1:1504:94:1504:0.0072879999999999959:0.0031910000000000133;2:1216:76:1216:0.0072930000000000009:0.0032479999999999662;3:1504:94:1504:0.0072899999999999979:0.0031729999999999883]|6@0.11192754284070504@1216@1504@1360@1.1058823529411765[0:1216:76:1216:0.0097800000000000005:0.0031720000000000463;1:1504:94:1504:0.0097529999999999978:0.00351000000000002;2:1216:76:1216:0.009785000000000002:0.003558999999999965;3:1504:94:1504:0.009784000000000001:0.0034179999999999836]|7@0.12@1216@1504@1360@1.1058823529411765[0:1216:76:1216:0.012267999999999998:0.0035180000000000523;1:1504:94:1504:0.012241999999999996:0.0038850000000000273;2:1216:76:1216:0.012272999999999999:0.0039089999999999681;3:1504:94:1504:0.012272999999999999:0.003816999999999994],512,512,0,0,0,0,1.5777329825061703,0,3.979039320256561e-13,3,2026-10-04T16:18:22.203433+00:00
rain-drain,serial,32,32,4,2,1024,1024,1,1024,0,0,64,0,0,0,6,1,1,false,0,0,0,0,1,1,0,0.017248708987608552,0.20918579198769294,0.016805206891149282,0.0019039162434637547,0.00011570821516215801,0.013622874859720469,0.00034404080361127853,0.00080954073928296566,0.00018687406554818153,0,8.292030543088913e-06,1024,1024,1024,1,0:1024:64:1024:0.016805206891149282:0,1@0.02@1024@1024@1024@1[0:1024:64:1024:0.0029117499943822622:0]|2@0.040000000000000001@1024@1024@1024@1[0:1024:64:1024:0.0056380829773843288:0]|3@0.059999999999999998@1024@1024@1024@1[0:1024:64:1024:0.0083431659732013941:0]|4@0.080000000000000002@1024@1024@1024@1[0:1024:64:1024:0.011037665884941816:0]|5@0.10000000000000001@1024@1024@1024@1[0:1024:64:1024:0.014040290843695402:0]|6@0.12@1024@1024@1024@1[0:1024:64:1024:0.016805206891149282:0],30.719999999999999,30.687886881157862,0.0020479999999999999,0.034133333333333335,2.7785508799653721e-05,3.5527136788005009e-15,0.0011582131471606389,0,0,1,2026-10-04T16:18:22.412961+00:00
rain-drain,serial,32,32,4,2,1024,1024,1,1024,0,0,64,0,0,0,6,1,1,false,0,0,0,0,1,1,0,0.017190500162541866,0.20984083399525844,0.016749499831348658,0.0018330840393900871,3.2542971894145012e-05,0.013779459055513144,0.00035129138268530369,0.00075150001794099808,0.00019079097546637058,0,7.1672257035970688e-06,1024,1024,1024,1,0:1024:64:1024:0.016749499831348658:0,1@0.02@1024@1024@1024@1[0:1024:64:1024:0.003120125038549304:0]|2@0.040000000000000001@1024@1024@1024@1[0:1024:64:1024:0.005902457982301712:0]|3@0.059999999999999998@1024@1024@1024@1[0:1024:64:1024:0.0086352080106735229:0]|4@0.080000000000000002@1024@1024@1024@1[0:1024:64:1024:0.011356332805007696:0]|5@0.10000000000000001@1024@1024@1024@1[0:1024:64:1024:0.014049082761630416:0]|6@0.12@1024@1024@1024@1[0:1024:64:1024:0.016749499831348658:0],30.719999999999999,30.687886881157862,0.0020479999999999999,0.034133333333333335,2.7785508799653721e-05,3.5527136788005009e-15,0.0011582131471606389,0,0,2,2026-10-04T16:18:22.623073+00:00
rain-drain,serial,32,32,4,2,1024,1024,1,1024,0,0,64,0,0,0,6,1,1,false,0,0,0,0,1,1,0,0.017310082912445068,0.20675008301623166,0.016846999526023865,0.0018977078143507242,3.454228863120079e-05,0.013559251325204968,0.00036108377389609814,0.00099291699007153511,0.00020404206588864326,0,7.2910916060209274e-06,1024,1024,1024,1,0:1024:64:1024:0.016846999526023865:0,1@0.02@1024@1024@1024@1[0:1024:64:1024:0.0028948751278221607:0]|2@0.040000000000000001@1024@1024@1024@1[0:1024:64:1024:0.0056568330619484186:0]|3@0.059999999999999998@1024@1024@1024@1[0:1024:64:1024:0.0083715412765741348:0]|4@0.080000000000000002@1024@1024@1024@1[0:1024:64:1024:0.011280791368335485:0]|5@0.10000000000000001@1024@1024@1024@1[0:1024:64:1024:0.014112208504229784:0]|6@0.12@1024@1024@1024@1[0:1024:64:1024:0.016846999526023865:0],30.719999999999999,30.687886881157862,0.0020479999999999999,0.034133333333333335,2.7785508799653721e-05,3.5527136788005009e-15,0.0011582131471606389,0,0,3,2026-10-04T16:18:22.830094+00:00
rain-drain,openmp,32,32,4,2,1024,1024,1,1024,0,0,64,0,0,0,6,1,1,false,0,0,0,0,1,1,0,0.0042463750578463078,0.19492866698419675,0.0038112504407763481,0.0021007081959396601,4.0375860407948494e-05,0.00038620992563664913,0.00047687464393675327,0.00080558215267956257,0.00019158399663865566,0,7.2089023888111115e-06,1024,1024,1024,1,0:1024:64:1024:0.0038112504407763481:0,1@0.02@1024@1024@1024@1[0:1024:64:1024:0.00070566707290709019:0]|2@0.040000000000000001@1024@1024@1024@1[0:1024:64:1024:0.0012854172382503748:0]|3@0.059999999999999998@1024@1024@1024@1[0:1024:64:1024:0.0018250003922730684:0]|4@0.080000000000000002@1024@1024@1024@1[0:1024:64:1024:0.0023502504918724298:0]|5@0.10000000000000001@1024@1024@1024@1[0:1024:64:1024:0.0031537085305899382:0]|6@0.12@1024@1024@1024@1[0:1024:64:1024:0.0038112504407763481:0],30.719999999999999,30.687886881157862,0.0020479999999999999,0.034133333333333335,2.7785508799653721e-05,3.5527136788005009e-15,0.0011582131471606389,0,0,1,2026-10-04T16:18:23.025306+00:00
rain-drain,openmp,32,32,4,2,1024,1024,1,1024,0,0,64,0,0,0,6,1,1,false,0,0,0,0,1,1,0,0.0038605839945375919,0.1926636660064105,0.0034195426851511002,0.0018059604335576296,3.3752061426639557e-05,0.00034587597474455833,0.00047470931895077229,0.00075779133476316929,0.00019495794549584389,0,7.207971066236496e-06,1024,1024,1024,1,0:1024:64:1024:0.0034195426851511002:0,1@0.02@1024@1024@1024@1[0:1024:64:1024:0.00070629105903208256:0]|2@0.040000000000000001@1024@1024@1024@1[0:1024:64:1024:0.0012627500109374523:0]|3@0.059999999999999998@1024@1024@1024@1[0:1024:64:1024:0.0018258339259773493:0]|4@0.080000000000000002@1024@1024@1024@1[0:1024:64:1024:0.0023545008152723312:0]|5@0.10000000000000001@1024@1024@1024@1[0:1024:64:1024:0.0028999177739024162:0]|6@0.12@1024@1024@1024@1[0:1024:64:1024:0.0034195426851511002:0],30.719999999999999,30.687886881157862,0.0020479999999999999,0.034133333333333335,2.7785508799653721e-05,3.5527136788005009e-15,0.0011582131471606389,0,0,2,2026-10-04T16:18:23.218240+00:00
rain-drain,openmp,32,32,4,2,1024,1024,1,1024,0,0,64,0,0,0,6,1,1,false,0,0,0,0,1,1,0,0.0038371251430362463,0.19520999997621402,0.0034015837591141462,0.0018015000969171524,3.4959055483341217e-05,0.00034791789948940277,0.00046929228119552135,0.00074633280746638775,0.00019175000488758087,0,8.2498881965875626e-06,1024,1024,1024,1,0:1024:64:1024:0.0034015837591141462:0,1@0.02@1024@1024@1024@1[0:1024:64:1024:0.00071570882573723793:0]|2@0.040000000000000001@1024@1024@1024@1[0:1024:64:1024:0.0012855418026447296:0]|3@0.059999999999999998@1024@1024@1024@1[0:1024:64:1024:0.0018220418132841587:0]|4@0.080000000000000002@1024@1024@1024@1[0:1024:64:1024:0.0023544167634099722:0]|5@0.10000000000000001@1024@1024@1024@1[0:1024:64:1024:0.0028801667504012585:0]|6@0.12@1024@1024@1024@1[0:1024:64:1024:0.0034015837591141462:0],30.719999999999999,30.687886881157862,0.0020479999999999999,0.034133333333333335,2.7785508799653721e-05,3.5527136788005009e-15,0.0011582131471606389,0,0,3,2026-10-04T16:18:23.413704+00:00
rain-drain,openmp,32,32,4,2,1024,1024,1,1024,0,0,64,0,0,0,6,2,1,false,0,0,0,0,1,1,0,0.0038221250288188457,0.19720029199379496,0.0033904172014445066,0.0018136247526854277,9.524892084300518e-05,0.00036554108373820782,0.00036050123162567616,0.00075408397242426872,0.0001894170418381691,0,7.1250833570957184e-06,1024,1024,1024,1,0:1024:64:1024:0.0033904172014445066:0,1@0.02@1024@1024@1024@1[0:1024:64:1024:0.00074037513695657253:0]|2@0.040000000000000001@1024@1024@1024@1[0:1024:64:1024:0.0013067922554910183:0]|3@0.059999999999999998@1024@1024@1024@1[0:1024:64:1024:0.0018543752375990152:0]|4@0.080000000000000002@1024@1024@1024@1[0:1024:64:1024:0.002369625261053443:0]|5@0.10000000000000001@1024@1024@1024@1[0:1024:64:1024:0.0028866673819720745:0]|6@0.12@1024@1024@1024@1[0:1024:64:1024:0.0033904172014445066:0],30.719999999999999,30.687886881157862,0.0020479999999999999,0.034133333333333335,2.7785508799653721e-05,3.5527136788005009e-15,0.0011582131471606389,0,0,1,2026-10-04T16:18:23.611202+00:00
rain-drain,openmp,32,32,4,2,1024,1024,1,1024,0,0,64,0,0,0,6,2,1,false,0,0,0,0,1,1,0,0.0043318751268088818,0.19708912499481812,0.0038750432431697845,0.0018837908282876015,0.00012074899859726429,0.00059241778217256069,0.000427585793659091,0.00084891682490706444,0.00019420916214585304,0,7.3339324444532394e-06,1024,1024,1024,1,0:1024:64:1024:0.0038750432431697845:0,1@0.02@1024@1024@1024@1[0:1024:64:1024:0.00074929208494722843:0]|2@0.040000000000000001@1024@1024@1024@1[0:1024:64:1024:0.0013225420843809843:0]|3@0.059999999999999998@1024@1024@1024@1[0:1024:64:1024:0.0018995841965079308:0]|4@0.080000000000000002@1024@1024@1024@1[0:1024:64:1024:0.0024235842283815145:0]|5@0.10000000000000001@1024@1024@1024@1[0:1024:64:1024:0.0032232091762125492:0]|6@0.12@1024@1024@1024@1[0:1024:64:1024:0.0038750432431697845:0],30.719999999999999,30.687886881157862,0.0020479999999999999,0.034133333333333335,2.7785508799653721e-05,3.5527136788005009e-15,0.0011582131471606389,0,0,2,2026-10-04T16:18:23.808544+00:00
rain-drain,openmp,32,32,4,2,1024,1024,1,1024,0,0,64,0,0,0,6,2,1,false,0,0,0,0,1,1,0,0.0037949581164866686,0.19287600001553074,0.0033677062019705772,0.0017828349955379963,8.8956905528903008e-05,0.0003774566575884819,0.00035808281973004341,0.0007588749285787344,0.00018562423065304756,0,7.1248505264520645e-06,1024,1024,1024,1,0:1024:64:1024:0.0033677062019705772:0,1@0.02@1024@1024@1024@1[0:1024:64:1024:0.00073687499389052391:0]|2@0.040000000000000001@1024@1024@1024@1[0:1024:64:1024:0.0012900829315185547:0]|3@0.059999999999999998@1024@1024@1024@1[0:1024:64:1024:0.0018354989588260651:0]|4@0.080000000000000002@1024@1024@1024@1[0:1024:64:1024:0.0023481650277972221:0]|5@0.10000000000000001@1024@1024@1024@1[0:1024:64:1024:0.0028590401634573936:0]|6@0.12@1024@1024@1024@1[0:1024:64:1024:0.0033677062019705772:0],30.719999999999999,30.687886881157862,0.0020479999999999999,0.034133333333333335,2.7785508799653721e-05,3.5527136788005009e-15,0.0011582131471606389,0,0,3,2026-10-04T16:18:24.001697+00:00
rain-drain,openmp,32,32,4,2,1024,1024,1,1024,0,0,64,0,0,0,6,4,1,false,0,0,0,0,1,1,0,0.0040172499138861895,0.1952532080176752,0.0035742088221013546,0.0018525430932641029,0.00017645792104303837,0.00041924905963242054,0.00031020841561257839,0.00081433635205030441,0.00018949992954730988,0,7.0000533014535904e-06,1024,1024,1024,1,0:1024:64:1024:0.0035742088221013546:0,1@0.02@1024@1024@1024@1[0:1024:64:1024:0.00077179190702736378:0]|2@0.040000000000000001@1024@1024@1024@1[0:1024:64:1024:0.0013603337574750185:0]|3@0.059999999999999998@1024@1024@1024@1[0:1024:64:1024:0.001936083659529686:0]|4@0.080000000000000002@1024@1024@1024@1[0:1024:64:1024:0.0024845837615430355:0]|5@0.10000000000000001@1024@1024@1024@1[0:1024:64:1024:0.0030550837982445955:0]|6@0.12@1024@1024@1024@1[0:1024:64:1024:0.0035742088221013546:0],30.719999999999999,30.687886881157862,0.0020479999999999999,0.034133333333333335,2.7785508799653721e-05,3.5527136788005009e-15,0.0011582131471606389,0,0,1,2026-10-04T16:18:24.197246+00:00
rain-drain,openmp,32,32,4,2,1024,1024,1,1024,0,0,64,0,0,0,6,4,1,false,0,0,0,0,1,1,0,0.0046068332158029079,0.19555524998577312,0.0041300829034298658,0.0021671259310096502,0.00018108310177922249,0.00052724988199770451,0.00039199856109917164,0.00086112460121512413,0.00019945832900702953,0,7.2920229285955429e-06,1024,1024,1024,1,0:1024:64:1024:0.0041300829034298658:0,1@0.02@1024@1024@1024@1[0:1024:64:1024:0.00078224996104836464:0]|2@0.040000000000000001@1024@1024@1024@1[0:1024:64:1024:0.0014020840171724558:0]|3@0.059999999999999998@1024@1024@1024@1[0:1024:64:1024:0.0019860840402543545:0]|4@0.080000000000000002@1024@1024@1024@1[0:1024:64:1024:0.0029003748204559088:0]|5@0.10000000000000001@1024@1024@1024@1[0:1024:64:1024:0.003534332849085331:0]|6@0.12@1024@1024@1024@1[0:1024:64:1024:0.0041300829034298658:0],30.719999999999999,30.687886881157862,0.0020479999999999999,0.034133333333333335,2.7785508799653721e-05,3.5527136788005009e-15,0.0011582131471606389,0,0,2,2026-10-04T16:18:24.393051+00:00
rain-drain,openmp,32,32,4,2,1024,1024,1,1024,0,0,64,0,0,0,6,4,1,false,0,0,0,0,1,1,0,0.0037992920260876417,0.19193962498684414,0.0033642081543803215,0.00177612598054111,0.00015441584400832653,0.00037821033038198948,0.00030183396302163601,0.00075216707773506641,0.00019441591575741768,0,7.2501134127378464e-06,1024,1024,1024,1,0:1024:64:1024:0.0033642081543803215:0,1@0.02@1024@1024@1024@1[0:1024:64:1024:0.00076075014658272266:0]|2@0.040000000000000001@1024@1024@1024@1[0:1024:64:1024:0.0013260000851005316:0]|3@0.059999999999999998@1024@1024@1024@1[0:1024:64:1024:0.0018633750732988119:0]|4@0.080000000000000002@1024@1024@1024@1[0:1024:64:1024:0.0023703752085566521:0]|5@0.10000000000000001@1024@1024@1024@1[0:1024:64:1024:0.002872333163395524:0]|6@0.12@1024@1024@1024@1[0:1024:64:1024:0.0033642081543803215:0],30.719999999999999,30.687886881157862,0.0020479999999999999,0.034133333333333335,2.7785508799653721e-05,3.5527136788005009e-15,0.0011582131471606389,0,0,3,2026-10-04T16:18:24.585247+00:00
rain-drain,mpi,32,32,4,2,1024,1024,1,1024,0,0,64,0,0,0,6,1,1,false,0,0,0,0,1,1,0,0.0037810000000000014,0.22711054197861813,0.0033170000000000005,0.0020649999999999991,3.7000000000002309e-05,0.00034899999999999688,0.00049000000000000259,0.00037199999999999907,0.00019199999999999946,0.00039699999999999631,2.3999999999999716e-05,1024,1024,1024,1,0:1024:64:1024:0.0033170000000000005:0.00037999999999999666,1@0.02@1024@1024@1024@1[0:1024:64:1024:0.00063200000000000062:7.1999999999999148e-05]|2@0.040000000000000001@1024@1024@1024@1[0:1024:64:1024:0.0013039999999999996:0.00014199999999999977]|3@0.059999999999999998@1024@1024@1024@1[0:1024:64:1024:0.0018489999999999982:0.00020499999999999859]|4@0.080000000000000002@1024@1024@1024@1[0:1024:64:1024:0.0023489999999999987:0.00026699999999999814]|5@0.10000000000000001@1024@1024@1024@1[0:1024:64:1024:0.0028249999999999994:0.0003229999999999969]|6@0.12@1024@1024@1024@1[0:1024:64:1024:0.0033170000000000005:0.00037999999999999666],30.719999999999999,30.687886881157862,0.0020479999999999999,0.034133333333333335,2.7785508799653721e-05,3.5527136788005009e-15,0.0011582131471606389,0,0,1,2026-10-04T16:18:24.812649+00:00
rain-drain,mpi,32,32,4,2,1024,1024,1,1024,0,0,64,0,0,0,6,1,1,false,0,0,0,0,1,1,0,0.0034929999999999996,0.22047841700259596,0.003041000000000002,0.001819999999999997,3.4000000000001043e-05,0.00034700000000000009,0.00048100000000000052,0.00035700000000000315,0.00018300000000000087,0.00037799999999999986,2.3000000000000451e-05,1024,1024,1024,1,0:1024:64:1024:0.003041000000000002:0.00036199999999999947,1@0.02@1024@1024@1024@1[0:1024:64:1024:0.00063000000000000035:6.4999999999999086e-05]|2@0.040000000000000001@1024@1024@1024@1[0:1024:64:1024:0.0011279999999999988:0.00013099999999999744]|3@0.059999999999999998@1024@1024@1024@1[0:1024:64:1024:0.0016189999999999989:0.00019299999999999873]|4@0.080000000000000002@1024@1024@1024@1[0:1024:64:1024:0.0020979999999999992:0.00025199999999999875]|5@0.10000000000000001@1024@1024@1024@1[0:1024:64:1024:0.0025710000000000004:0.00030599999999999898]|6@0.12@1024@1024@1024@1[0:1024:64:1024:0.003041000000000002:0.00036199999999999947],30.719999999999999,30.687886881157862,0.0020479999999999999,0.034133333333333335,2.7785508799653721e-05,3.5527136788005009e-15,0.0011582131471606389,0,0,2,2026-10-04T16:18:25.033398+00:00
rain-drain,mpi,32,32,4,2,1024,1024,1,1024,0,0,64,0,0,0,6,1,1,false,0,0,0,0,1,1,0,0.0035639999999999995,0.2265187919838354,0.003093000000000002,0.0018509999999999985,3.1000000000003247e-05,0.00034900000000000035,0.00050099999999999797,0.00035800000000000241,0.00018900000000000167,0.0003770000000000006,2.2999999999998716e-05,1024,1024,1024,1,0:1024:64:1024:0.003093000000000002:0.00036200000000000121,1@0.02@1024@1024@1024@1[0:1024:64:1024:0.00068900000000000038:6.4999999999999086e-05]|2@0.040000000000000001@1024@1024@1024@1[0:1024:64:1024:0.0011900000000000001:0.00013200000000000017]|3@0.059999999999999998@1024@1024@1024@1[0:1024:64:1024:0.0016740000000000001:0.00019300000000000046]|4@0.080000000000000002@1024@1024@1024@1[0:1024:64:1024:0.0021510000000000001:0.00025099999999999949]|5@0.10000000000000001@1024@1024@1024@1[0:1024:64:1024:0.0026240000000000013:0.00030700000000000172]|6@0.12@1024@1024@1024@1[0:1024:64:1024:0.003093000000000002:0.00036200000000000121],30.719999999999999,30.687886881157862,0.0020479999999999999,0.034133333333333335,2.7785508799653721e-05,3.5527136788005009e-15,0.0011582131471606389,0,0,3,2026-10-04T16:18:25.260180+00:00
rain-drain,mpi,32,32,4,2,1024,1024,1,1024,0,0,64,0,0,0,6,1,2,false,0,0,0,0,1,1,0,0.003906999999999999,0.2259982499817852,0.0031229999999999973,0.0018949999999999956,2.7000000000000982e-05,0.00065700000000000307,0.00031499999999999584,0.00022499999999999951,0.00018799999999999893,0.0010989999999999975,0.00030399999999999872,512,512,512,1,0:512:32:512:0.0031229999999999973:0.00079700000000000083;1:512:32:512:0.003120999999999997:0.00081099999999999922,1@0.02@512@512@512@1[0:512:32:512:0.00058899999999999925:0.00012100000000000131;1:512:32:512:0.00058799999999999998:8.3000000000001475e-05]|2@0.040000000000000001@512@512@512@1[0:512:32:512:0.0014329999999999985:0.00059000000000000025;1:512:32:512:0.0014329999999999985:0.00055399999999999894]|3@0.059999999999999998@512@512@512@1[0:512:32:512:0.001879999999999998:0.00064600000000000074;1:512:32:512:0.001878999999999997:0.00063899999999999894]|4@0.080000000000000002@512@512@512@1[0:512:32:512:0.0022969999999999987:0.00069400000000000017;1:512:32:512:0.0022949999999999967:0.00069699999999999797]|5@0.10000000000000001@512@512@512@1[0:512:32:512:0.0027139999999999977:0.00074899999999999793;1:512:32:512:0.0027119999999999974:0.00075499999999999699]|6@0.12@512@512@512@1[0:512:32:512:0.0031229999999999973:0.00079700000000000083;1:512:32:512:0.003120999999999997:0.00081099999999999922],30.719999999999999,30.687886881157862,0.0020479999999999999,0.034133333333333335,2.7785508799653721e-05,3.5527136788005009e-15,0.0011582131471606389,0,0,1,2026-10-04T16:18:25.486471+00:00
rain-drain,mpi,32,32,4,2,1024,1024,1,1024,0,0,64,0,0,0,6,1,2,false,0,0,0,0,1,1,0,0.0038729999999999997,0.23008379200473428,0.0030620000000000005,0.0019370000000000012,2.7999999999998512e-05,0.00057700000000000286,0.00030799999999999925,0.00021199999999999865,0.0001860000000000004,0.0010870000000000046,0.00037500000000000033,512,512,512,1,0:512:32:512:0.0030620000000000005:0.00071700000000000583;1:512:32:512:0.0030550000000000004:0.00069400000000000538,1@0.02@512@512@512@1[0:512:32:512:0.00066100000000000013:0.00013100000000000264;1:512:32:512:0.00065299999999999907:8.0999999999999475e-05]|2@0.040000000000000001@512@512@512@1[0:512:32:512:0.0014270000000000012:0.00052200000000000336;1:512:32:512:0.0014190000000000001:0.00047600000000000073]|3@0.059999999999999998@512@512@512@1[0:512:32:512:0.0018480000000000007:0.00057700000000000459;1:512:32:512:0.0018399999999999996:0.00053600000000000175]|4@0.080000000000000002@512@512@512@1[0:512:32:512:0.0022560000000000011:0.00062400000000000476;1:512:32:512:0.002248:0.00059000000000000372]|5@0.10000000000000001@512@512@512@1[0:512:32:512:0.0026560000000000004:0.00067100000000000493;1:512:32:512:0.0026490000000000003:0.00063700000000000562]|6@0.12@512@512@512@1[0:512:32:512:0.0030620000000000005:0.00071700000000000583;1:512:32:512:0.0030550000000000004:0.00069400000000000538],30.719999999999999,30.687886881157862,0.0020479999999999999,0.034133333333333335,2.7785508799653721e-05,3.5527136788005009e-15,0.0011582131471606389,0,0,2,2026-10-04T16:18:25.716842+00:00
rain-drain,mpi,32,32,4,2,1024,1024,1,1024,0,0,64,0,0,0,6,1,2,false,0,0,0,0,1,1,0,0.0038570000000000011,0.23006145798717625,0.0032719999999999971,0.0023169999999999996,3.2999999999998308e-05,0.0003280000000000019,0.00035399999999999668,0.00024000000000000063,0.00019599999999999999,0.00062000000000000596,0.00011399999999999952,512,512,512,1,0:512:32:512:0.0032719999999999971:0.00051000000000000698;1:512:32:512:0.003259999999999999:0.00068300000000000478,1@0.02@512@512@512@1[0:512:32:512:0.0009329999999999998:0.00015500000000000062;1:512:32:512:0.00090999999999999935:0.0002310000000000003]|2@0.040000000000000001@512@512@512@1[0:512:32:512:0.0015840000000000003:0.00030600000000000245;1:512:32:512:0.0015729999999999997:0.00045100000000000175]|3@0.059999999999999998@512@512@512@1[0:512:32:512:0.0020379999999999999:0.00036100000000000194;1:512:32:512:0.0020269999999999993:0.00053400000000000322]|4@0.080000000000000002@512@512@512@1[0:512:32:512:0.0024519999999999993:0.00040800000000000558;1:512:32:512:0.0024409999999999987:0.00058300000000000365]|5@0.10000000000000001@512@512@512@1[0:512:32:512:0.0028709999999999986:0.00046500000000000707;1:512:32:512:0.0028589999999999987:0.00063500000000000362]|6@0.12@512@512@512@1[0:512:32:512:0.0032719999999999971:0.00051000000000000698;1:512:32:512:0.003259999999999999:0.00068300000000000478],30.719999999999999,30.687886881157862,0.0020479999999999999,0.034133333333333335,2.7785508799653721e-05,3.5527136788005009e-15,0.0011582131471606389,0,0,3,2026-10-04T16:18:25.947166+00:00
rain-drain,mpi,32,32,4,2,1024,1024,1,1024,0,0,64,0,0,0,6,1,4,false,0,0,0,0,1,1,0,0.0060240000000000016,0.23545720899710432,0.0047529999999999968,0.0029640000000000014,6.4999999999999086e-05,0.0011460000000000012,0.00035900000000000168,0.00021899999999999351,0.00019800000000000026,0.0025169999999999915,0.00066699999999999746,256,256,256,1,0:256:16:256:0.0047529999999999968:0.001850999999999995;1:256:16:256:0.0047839999999999966:0.0020220000000000012;2:256:16:256:0.0047279999999999978:0.0019570000000000004;3:256:16:256:0.0047419999999999997:0.0021219999999999954,1@0.02@256@256@256@1[0:256:16:256:0.0013619999999999986:0.00050899999999999904;1:256:16:256:0.0013749999999999978:0.00035999999999999747;2:256:16:256:0.0013780000000000008:0.00062900000000000282;3:256:16:256:0.0013710000000000007:0.00064400000000000221]|2@0.040000000000000001@256@256@256@1[0:256:16:256:0.0027349999999999978:0.0013230000000000013;1:256:16:256:0.0027689999999999972:0.0013900000000000006;2:256:16:256:0.0027299999999999998:0.0015880000000000026;3:256:16:256:0.0027340000000000021:0.0016110000000000048]|3@0.059999999999999998@256@256@256@1[0:256:16:256:0.003487999999999998:0.0016080000000000018;1:256:16:256:0.0035249999999999969:0.0017440000000000008;2:256:16:256:0.0034860000000000013:0.0017550000000000031;3:256:16:256:0.0034810000000000015:0.0018540000000000049]|4@0.080000000000000002@256@256@256@1[0:256:16:256:0.0039689999999999968:0.0017430000000000015;1:256:16:256:0.0040059999999999957:0.0018960000000000036;2:256:16:256:0.0039459999999999999:0.0018510000000000054;3:256:16:256:0.0039620000000000002:0.0020060000000000008]|5@0.10000000000000001@256@256@256@1[0:256:16:256:0.0043719999999999974:0.0018039999999999966;1:256:16:256:0.0044039999999999947:0.0019710000000000023;2:256:16:256:0.0043469999999999984:0.0019089999999999975;3:256:16:256:0.0043620000000000013:0.0020709999999999999]|6@0.12@256@256@256@1[0:256:16:256:0.0047529999999999968:0.001850999999999995;1:256:16:256:0.0047839999999999966:0.0020220000000000012;2:256:16:256:0.0047279999999999978:0.0019570000000000004;3:256:16:256:0.0047419999999999997:0.0021219999999999954],30.719999999999999,30.687886881157862,0.0020479999999999999,0.034133333333333335,2.7785508799653721e-05,3.5527136788005009e-15,0.0011582131471606389,0,0,1,2026-10-04T16:18:26.182929+00:00
rain-drain,mpi,32,32,4,2,1024,1024,1,1024,0,0,64,0,0,0,6,1,4,false,0,0,0,0,1,1,0,0.0041659999999999996,0.23632554098730907,0.0030840000000000034,0.0019659999999999955,3.0999999999999778e-05,0.0007020000000000047,0.00022599999999999704,0.00015700000000000436,0.00019699999999999926,0.0014980000000000028,0.00062100000000000002,256,256,256,1,0:256:16:256:0.0030840000000000034:0.00087800000000000031;1:256:16:256:0.0030890000000000032:0.0012490000000000053;2:256:16:256:0.0030869999999999977:0.001189000000000006;3:256:16:256:0.0030879999999999987:0.0011660000000000004,1@0.02@256@256@256@1[0:256:16:256:0.00058400000000000118:8.9999999999999802e-05;1:256:16:256:0.00059099999999999951:0.00045300000000000028;2:256:16:256:0.00058699999999999898:0.00039299999999999925;3:256:16:256:0.00058799999999999998:0.00039300000000000099]|2@0.040000000000000001@256@256@256@1[0:256:16:256:0.0014980000000000028:0.00065900000000000333;1:256:16:256:0.0015050000000000011:0.0010220000000000003;2:256:16:256:0.0015009999999999971:0.00096100000000000005;3:256:16:256:0.0015019999999999999:0.00095300000000000072]|3@0.059999999999999998@256@256@256@1[0:256:16:256:0.0019220000000000036:0.00072100000000000636;1:256:16:256:0.0019290000000000019:0.0010869999999999994;2:256:16:256:0.0019249999999999979:0.0010320000000000051;3:256:16:256:0.0019260000000000006:0.0010140000000000027]|4@0.080000000000000002@256@256@256@1[0:256:16:256:0.0023210000000000036:0.00077300000000000979;1:256:16:256:0.0023280000000000019:0.0011440000000000044;2:256:16:256:0.0023239999999999979:0.0010860000000000106;3:256:16:256:0.0023250000000000007:0.001068000000000003]|5@0.10000000000000001@256@256@256@1[0:256:16:256:0.0027080000000000055:0.00082600000000000728;1:256:16:256:0.0027150000000000004:0.0012010000000000059;2:256:16:256:0.0027109999999999999:0.0011420000000000111;3:256:16:256:0.0027119999999999991:0.0011190000000000019]|6@0.12@256@256@256@1[0:256:16:256:0.0030840000000000034:0.00087800000000000031;1:256:16:256:0.0030890000000000032:0.0012490000000000053;2:256:16:256:0.0030869999999999977:0.001189000000000006;3:256:16:256:0.0030879999999999987:0.0011660000000000004],30.719999999999999,30.687886881157862,0.0020479999999999999,0.034133333333333335,2.7785508799653721e-05,3.5527136788005009e-15,0.0011582131471606389,0,0,2,2026-10-04T16:18:26.419557+00:00
rain-drain,mpi,32,32,4,2,1024,1024,1,1024,0,0,64,0,0,0,6,1,4,false,0,0,0,0,1,1,0,0.0045159999999999992,0.2364545839955099,0.0033299999999999996,0.0021340000000000039,3.599999999999437e-05,0.00076500000000000526,0.00023000000000000451,0.00016399999999999401,0.0001899999999999992,0.0017769999999999904,0.0007100000000000023,256,256,256,1,0:256:16:256:0.0033299999999999996:0.0010679999999999891;1:256:16:256:0.0033250000000000016:0.0011220000000000188;2:256:16:256:0.0033300000000000014:0.00095300000000000419;3:256:16:256:0.0033270000000000001:0.001130000000000006,1@0.02@256@256@256@1[0:256:16:256:0.00071799999999999989:0.00016599999999999601;1:256:16:256:0.00071600000000000136:0.00023600000000000357;2:256:16:256:0.00071799999999999989:0.00010700000000000119;3:256:16:256:0.00071599999999999962:0.0002310000000000003]|2@0.040000000000000001@256@256@256@1[0:256:16:256:0.001686:0.00078899999999999804;1:256:16:256:0.0016830000000000039:0.000852000000000009;2:256:16:256:0.0016860000000000017:0.00068400000000000231;3:256:16:256:0.0016819999999999995:0.00084700000000000226]|3@0.059999999999999998@256@256@256@1[0:256:16:256:0.0021130000000000003:0.00085299999999999612;1:256:16:256:0.0021110000000000018:0.00091400000000001203;2:256:16:256:0.002113000000000002:0.00074500000000000434;3:256:16:256:0.002109999999999999:0.00094300000000000286]|4@0.080000000000000002@256@256@256@1[0:256:16:256:0.0025190000000000004:0.00091499999999999915;1:256:16:256:0.0025160000000000009:0.00096700000000001993;2:256:16:256:0.0025190000000000021:0.00080800000000000489;3:256:16:256:0.0025179999999999994:0.0010140000000000027]|5@0.10000000000000001@256@256@256@1[0:256:16:256:0.0029540000000000018:0.0010199999999999966;1:256:16:256:0.0029490000000000002:0.0010710000000000164;2:256:16:256:0.002954:0.00090800000000000082;3:256:16:256:0.0029510000000000005:0.0010750000000000048]|6@0.12@256@256@256@1[0:256:16:256:0.0033299999999999996:0.0010679999999999891;1:256:16:256:0.0033250000000000016:0.0011220000000000188;2:256:16:256:0.0033300000000000014:0.00095300000000000419;3:256:16:256:0.0033270000000000001:0.001130000000000006],30.719999999999999,30.687886881157862,0.0020479999999999999,0.034133333333333335,2.7785508799653721e-05,3.5527136788005009e-15,0.0011582131471606389,0,0,3,2026-10-04T16:18:26.656315+00:00
rain-drain,mpi,32,32,4,2,1024,1024,1,1024,0,0,64,0,0,0,6,1,1,true,0,0,0,0,1,1,0,0.003542,0.22721054102294147,0.0030350000000000012,0.0018060000000000003,3.3000000000001778e-05,0.00034999999999999615,0.00048700000000000132,0.00035600000000000215,0.00018699999999999967,0.00037600000000000133,2.3999999999999716e-05,1024,1024,1024,1,0:1024:64:1024:0.0030350000000000012:0.00036000000000000094,1@0.02@1024@1024@1024@1[0:1024:64:1024:0.00063600000000000115:6.2999999999998821e-05]|2@0.040000000000000001@1024@1024@1024@1[0:1024:64:1024:0.0011330000000000003:0.00012899999999999891]|3@0.059999999999999998@1024@1024@1024@1[0:1024:64:1024:0.0016179999999999996:0.00019099999999999846]|4@0.080000000000000002@1024@1024@1024@1[0:1024:64:1024:0.0020960000000000006:0.00024799999999999996]|5@0.10000000000000001@1024@1024@1024@1[0:1024:64:1024:0.0025660000000000006:0.00030400000000000045]|6@0.12@1024@1024@1024@1[0:1024:64:1024:0.0030350000000000012:0.00036000000000000094],30.719999999999999,30.687886881157862,0.0020479999999999999,0.034133333333333335,2.7785508799653721e-05,3.5527136788005009e-15,0.0011582131471606389,0,0,1,2026-10-04T16:18:26.883854+00:00
rain-drain,mpi,32,32,4,2,1024,1024,1,1024,0,0,64,0,0,0,6,1,1,true,0,0,0,0,1,1,0,0.0035910000000000004,0.22492604100261815,0.0030890000000000032,0.001856,3.3999999999997574e-05,0.00035200000000000335,0.00048299999999999906,0.00036300000000000221,0.00018400000000000014,0.00038400000000000066,2.3000000000000451e-05,1024,1024,1024,1,0:1024:64:1024:0.0030890000000000032:0.00036899999999999954,1@0.02@1024@1024@1024@1[0:1024:64:1024:0.00066400000000000139:6.8999999999997882e-05]|2@0.040000000000000001@1024@1024@1024@1[0:1024:64:1024:0.0011820000000000025:0.00013599999999999723]|3@0.059999999999999998@1024@1024@1024@1[0:1024:64:1024:0.0016660000000000025:0.00019799999999999679]|4@0.080000000000000002@1024@1024@1024@1[0:1024:64:1024:0.0021410000000000023:0.00025599999999999581]|5@0.10000000000000001@1024@1024@1024@1[0:1024:64:1024:0.0026210000000000018:0.00031399999999999831]|6@0.12@1024@1024@1024@1[0:1024:64:1024:0.0030890000000000032:0.00036899999999999954],30.719999999999999,30.687886881157862,0.0020479999999999999,0.034133333333333335,2.7785508799653721e-05,3.5527136788005009e-15,0.0011582131471606389,0,0,2,2026-10-04T16:18:27.109044+00:00
rain-drain,mpi,32,32,4,2,1024,1024,1,1024,0,0,64,0,0,0,6,1,1,true,0,0,0,0,1,1,0,0.0035290000000000009,0.22375233299680986,0.003039,0.0018000000000000013,3.1999999999997308e-05,0.00034700000000000182,0.00048899999999999812,0.00037000000000000054,0.00018300000000000087,0.00039100000000000072,2.4000000000001451e-05,1024,1024,1024,1,0:1024:64:1024:0.003039:0.00037500000000000033,1@0.02@1024@1024@1024@1[0:1024:64:1024:0.00063400000000000088:6.9999999999998883e-05]|2@0.040000000000000001@1024@1024@1024@1[0:1024:64:1024:0.0011300000000000008:0.00013699999999999997]|3@0.059999999999999998@1024@1024@1024@1[0:1024:64:1024:0.0016160000000000011:0.00020099999999999979]|4@0.080000000000000002@1024@1024@1024@1[0:1024:64:1024:0.0020890000000000006:0.00026100000000000081]|5@0.10000000000000001@1024@1024@1024@1[0:1024:64:1024:0.0025669999999999998:0.00031899999999999984]|6@0.12@1024@1024@1024@1[0:1024:64:1024:0.003039:0.00037500000000000033],30.719999999999999,30.687886881157862,0.0020479999999999999,0.034133333333333335,2.7785508799653721e-05,3.5527136788005009e-15,0.0011582131471606389,0,0,3,2026-10-04T16:18:27.333062+00:00
rain-drain,mpi,32,32,4,2,1024,1024,1,1024,0,0,64,0,0,0,6,1,2,true,0,0,0,0,1,1,0,0.003883000000000001,0.22610483301104978,0.0031059999999999994,0.001934,0.00038599999999999919,0.00025900000000000055,0.00030399999999999872,0.00021999999999999971,0.00018899999999999993,0.00097200000000000238,0.0002760000000000002,512,512,512,1,0:512:32:512:0.0031059999999999994:0.0007010000000000037;1:512:32:512:0.0031119999999999984:0.00071999999999999321,1@0.02@512@512@512@1[0:512:32:512:0.00062199999999999929:7.1000000000003352e-05;1:512:32:512:0.00062199999999999929:8.0999999999999475e-05]|2@0.040000000000000001@512@512@512@1[0:512:32:512:0.0014329999999999985:0.00050300000000000344;1:512:32:512:0.0014319999999999992:0.00051400000000000057]|3@0.059999999999999998@512@512@512@1[0:512:32:512:0.0018719999999999987:0.00055600000000000267;1:512:32:512:0.0018769999999999985:0.00056899999999999659]|4@0.080000000000000002@512@512@512@1[0:512:32:512:0.0022899999999999986:0.00060400000000000384;1:512:32:512:0.0022949999999999984:0.00061899999999999455]|5@0.10000000000000001@512@512@512@1[0:512:32:512:0.0027009999999999985:0.00065300000000000427;1:512:32:512:0.0027059999999999983:0.00066999999999999352]|6@0.12@512@512@512@1[0:512:32:512:0.0031059999999999994:0.0007010000000000037;1:512:32:512:0.0031119999999999984:0.00071999999999999321],30.719999999999999,30.687886881157862,0.0020479999999999999,0.034133333333333335,2.7785508799653721e-05,3.5527136788005009e-15,0.0011582131471606389,0,0,1,2026-10-04T16:18:27.559483+00:00
rain-drain,mpi,32,32,4,2,1024,1024,1,1024,0,0,64,0,0,0,6,1,2,true,0,0,0,0,1,1,0,0.0038510000000000003,0.22577695900690742,0.0030189999999999974,0.0018719999999999952,0.00037900000000000433,0.00025099999999999949,0.00030099999999999918,0.00021400000000000065,0.0001899999999999992,0.0010480000000000055,0.00034700000000000009,512,512,512,1,0:512:32:512:0.0030189999999999974:0.00070600000000000523;1:512:32:512:0.0030179999999999981:0.00068699999999999664,1@0.02@512@512@512@1[0:512:32:512:0.00058899999999999925:8.200000000000221e-05;1:512:32:512:0.00059099999999999951:8.0999999999999475e-05]|2@0.040000000000000001@512@512@512@1[0:512:32:512:0.0013869999999999993:0.00050700000000000571;1:512:32:512:0.0013889999999999996:0.00049599999999999818]|3@0.059999999999999998@512@512@512@1[0:512:32:512:0.0018049999999999993:0.00055900000000000567;1:512:32:512:0.0018059999999999986:0.00054499999999999861]|4@0.080000000000000002@512@512@512@1[0:512:32:512:0.0022159999999999992:0.0006130000000000059;1:512:32:512:0.0022149999999999982:0.00059499999999999831]|5@0.10000000000000001@512@512@512@1[0:512:32:512:0.0026189999999999981:0.00066000000000000433;1:512:32:512:0.0026179999999999988:0.00064299999999999601]|6@0.12@512@512@512@1[0:512:32:512:0.0030189999999999974:0.00070600000000000523;1:512:32:512:0.0030179999999999981:0.00068699999999999664],30.719999999999999,30.687886881157862,0.0020479999999999999,0.034133333333333335,2.7785508799653721e-05,3.5527136788005009e-15,0.0011582131471606389,0,0,2,2026-10-04T16:18:27.785543+00:00
rain-drain,mpi,32,32,4,2,1024,1024,1,1024,0,0,64,0,0,0,6,1,2,true,0,0,0,0,1,1,0,0.0038560000000000001,0.22934762499062344,0.0030189999999999991,0.0018869999999999998,0.00035899999999999821,0.00025100000000000122,0.00030000000000000339,0.00021999999999999797,0.00018599999999999867,0.0010279999999999925,0.00023400000000000157,512,512,512,1,0:512:32:512:0.0030189999999999991:0.00079799999999999142;1:512:32:512:0.0030199999999999984:0.00069500000000000464,1@0.02@512@512@512@1[0:512:32:512:0.00059500000000000004:0.00019800000000000026;1:512:32:512:0.00059500000000000004:8.4000000000002475e-05]|2@0.040000000000000001@512@512@512@1[0:512:32:512:0.0013850000000000008:0.00059599999999999757;1:512:32:512:0.0013850000000000008:0.00049700000000000438]|3@0.059999999999999998@512@512@512@1[0:512:32:512:0.0018080000000000006:0.0006539999999999966;1:512:32:512:0.0018080000000000006:0.00055200000000000735]|4@0.080000000000000002@512@512@512@1[0:512:32:512:0.0022199999999999998:0.00070599999999999656;1:512:32:512:0.002220999999999999:0.00060100000000000604]|5@0.10000000000000001@512@512@512@1[0:512:32:512:0.0026199999999999991:0.00075199999999999399;1:512:32:512:0.0026209999999999983:0.00064700000000000348]|6@0.12@512@512@512@1[0:512:32:512:0.0030189999999999991:0.00079799999999999142;1:512:32:512:0.0030199999999999984:0.00069500000000000464],30.719999999999999,30.687886881157862,0.0020479999999999999,0.034133333333333335,2.7785508799653721e-05,3.5527136788005009e-15,0.0011582131471606389,0,0,3,2026-10-04T16:18:28.015154+00:00
rain-drain,mpi,32,32,4,2,1024,1024,1,1024,0,0,64,0,0,0,6,1,4,true,0,0,0,0,1,1,0,0.0057479999999999996,0.23415662499610335,0.0044079999999999987,0.0026629999999999987,0.00085299999999999959,0.00033399999999999749,0.00035400000000000015,0.00020200000000000426,0.00019500000000000073,0.0025279999999999886,0.00064199999999999674,256,256,256,1,0:256:16:256:0.0044079999999999987:0.0018869999999999928;1:256:16:256:0.0043940000000000003:0.0017520000000000001;2:256:16:256:0.0043950000000000065:0.0015879999999999991;3:256:16:256:0.0043700000000000006:0.0015299999999999914,1@0.02@256@256@256@1[0:256:16:256:0.0010809999999999986:0.00039599999999999705;1:256:16:256:0.0010610000000000012:0.00029700000000000212;2:256:16:256:0.0010710000000000008:0.0002760000000000002;3:256:16:256:0.0010620000000000004:0.00026600000000000061]|2@0.040000000000000001@256@256@256@1[0:256:16:256:0.0025159999999999974:0.0014419999999999884;1:256:16:256:0.002504000000000001:0.001296000000000002;2:256:16:256:0.0025040000000000028:0.0011899999999999966;3:256:16:256:0.0024889999999999999:0.001257999999999997]|3@0.059999999999999998@256@256@256@1[0:256:16:256:0.003196999999999995:0.0017169999999999894;1:256:16:256:0.0031840000000000011:0.0015849999999999996;2:256:16:256:0.0031840000000000028:0.0014149999999999961;3:256:16:256:0.0031600000000000013:0.0013629999999999944]|4@0.080000000000000002@256@256@256@1[0:256:16:256:0.0036279999999999958:0.0017779999999999914;1:256:16:256:0.0036140000000000009:0.0016459999999999982;2:256:16:256:0.0036150000000000036:0.0014789999999999977;3:256:16:256:0.0035900000000000012:0.0014279999999999935]|5@0.10000000000000001@256@256@256@1[0:256:16:256:0.0040239999999999963:0.0018349999999999894;1:256:16:256:0.0040100000000000014:0.0016980000000000016;2:256:16:256:0.0040110000000000041:0.0015319999999999952;3:256:16:256:0.0039860000000000017:0.0014799999999999935]|6@0.12@256@256@256@1[0:256:16:256:0.0044079999999999987:0.0018869999999999928;1:256:16:256:0.0043940000000000003:0.0017520000000000001;2:256:16:256:0.0043950000000000065:0.0015879999999999991;3:256:16:256:0.0043700000000000006:0.0015299999999999914],30.719999999999999,30.687886881157862,0.0020479999999999999,0.034133333333333335,2.7785508799653721e-05,3.5527136788005009e-15,0.0011582131471606389,0,0,1,2026-10-04T16:18:28.249622+00:00
rain-drain,mpi,32,32,4,2,1024,1024,1,1024,0,0,64,0,0,0,6,1,4,true,0,0,0,0,1,1,0,0.0043540000000000002,0.2360300419968553,0.0031250000000000028,0.0019789999999999981,0.00053800000000000375,0.00022000000000000144,0.00022600000000000051,0.00015999999999999695,0.00019199999999999773,0.0016079999999999914,0.0006509999999999988,256,256,256,1,0:256:16:256:0.0031250000000000028:0.00095999999999999211;1:256:16:256:0.0031380000000000019:0.00091299999999999888;2:256:16:256:0.0031279999999999988:0.00095100000000000046;3:256:16:256:0.0031339999999999996:0.00096399999999999438,1@0.02@256@256@256@1[0:256:16:256:0.00059999999999999984:0.00015999999999999695;1:256:16:256:0.0006069999999999999:0.00011399999999999778;2:256:16:256:0.00059900000000000057:0.00015300000000000209;3:256:16:256:0.00060299999999999937:0.00015699999999999742]|2@0.040000000000000001@256@256@256@1[0:256:16:256:0.0015370000000000002:0.00074499999999999914;1:256:16:256:0.0015469999999999998:0.0007060000000000035;2:256:16:256:0.0015370000000000002:0.00073700000000000154;3:256:16:256:0.0015429999999999992:0.0007449999999999974]|3@0.059999999999999998@256@256@256@1[0:256:16:256:0.0019610000000000009:0.00080399999999998875;1:256:16:256:0.0019740000000000001:0.00076299999999999805;2:256:16:256:0.0019640000000000005:0.00079600000000000157;3:256:16:256:0.0019699999999999995:0.00080599999999999769]|4@0.080000000000000002@256@256@256@1[0:256:16:256:0.0023550000000000029:0.00085799999999999071;1:256:16:256:0.002368000000000002:0.00081500000000000149;2:256:16:256:0.002357999999999999:0.00084699999999999706;3:256:16:256:0.0023639999999999998:0.00085799999999999939]|5@0.10000000000000001@256@256@256@1[0:256:16:256:0.0027440000000000034:0.00091099999999998821;1:256:16:256:0.0027570000000000025:0.00086199999999999992;2:256:16:256:0.0027469999999999994:0.00089999999999999455;3:256:16:256:0.0027530000000000002:0.00091299999999999888]|6@0.12@256@256@256@1[0:256:16:256:0.0031250000000000028:0.00095999999999999211;1:256:16:256:0.0031380000000000019:0.00091299999999999888;2:256:16:256:0.0031279999999999988:0.00095100000000000046;3:256:16:256:0.0031339999999999996:0.00096399999999999438],30.719999999999999,30.687886881157862,0.0020479999999999999,0.034133333333333335,2.7785508799653721e-05,3.5527136788005009e-15,0.0011582131471606389,0,0,2,2026-10-04T16:18:28.485952+00:00
rain-drain,mpi,32,32,4,2,1024,1024,1,1024,0,0,64,0,0,0,6,1,4,true,0,0,0,0,1,1,0,0.004615000000000001,0.2352716669847723,0.0033800000000000045,0.0021950000000000025,0.00050799999999999804,0.0002360000000000001,0.000281,0.00015800000000000536,0.00018600000000000214,0.001683999999999998,0.0006519999999999998,256,256,256,1,0:256:16:256:0.0033800000000000045:0.0010329999999999957;1:256:16:256:0.0034060000000000028:0.0012329999999999945;2:256:16:256:0.0034069999999999968:0.0012179999999999899;3:256:16:256:0.003403999999999999:0.0012220000000000061,1@0.02@256@256@256@1[0:256:16:256:0.00063399999999999915:0.00018600000000000214;1:256:16:256:0.00063400000000000262:0.00017299999999999607;2:256:16:256:0.00063600000000000115:0.00019700000000000099;3:256:16:256:0.00063100000000000135:0.00014300000000000423]|2@0.040000000000000001@256@256@256@1[0:256:16:256:0.0016299999999999995:0.00074299999999999367;1:256:16:256:0.0016560000000000012:0.00084999999999999659;2:256:16:256:0.0016540000000000027:0.00085899999999999865;3:256:16:256:0.0016530000000000017:0.00081600000000000249]|3@0.059999999999999998@256@256@256@1[0:256:16:256:0.0021259999999999994:0.00086799999999999378;1:256:16:256:0.0021530000000000021:0.00096799999999999317;2:256:16:256:0.0021520000000000011:0.00098899999999999683;3:256:16:256:0.0021500000000000026:0.00098000000000000344]|4@0.080000000000000002@256@256@256@1[0:256:16:256:0.0025340000000000015:0.00093499999999999833;1:256:16:256:0.0025610000000000008:0.0010439999999999929;2:256:16:256:0.0025599999999999998:0.0010479999999999899;3:256:16:256:0.002558000000000003:0.0010310000000000024]|5@0.10000000000000001@256@256@256@1[0:256:16:256:0.002924000000000003:0.00098799999999999583;1:256:16:256:0.0029510000000000022:0.0011039999999999939;2:256:16:256:0.0029489999999999968:0.0010959999999999893;3:256:16:256:0.002948000000000001:0.0010900000000000024]|6@0.12@256@256@256@1[0:256:16:256:0.0033800000000000045:0.0010329999999999957;1:256:16:256:0.0034060000000000028:0.0012329999999999945;2:256:16:256:0.0034069999999999968:0.0012179999999999899;3:256:16:256:0.003403999999999999:0.0012220000000000061],30.719999999999999,30.687886881157862,0.0020479999999999999,0.034133333333333335,2.7785508799653721e-05,3.5527136788005009e-15,0.0011582131471606389,0,0,3,2026-10-04T16:18:28.721550+00:00
localized-refinement,serial,32,32,4,2,1024,5104,4.984375,544,1040,3520,319,2,85,0,6,1,1,false,0,0,0,0,1,1,0,0.18317420897074044,0.3804312919965014,0.1638713323045522,0.0061749990563839674,7.7708158642053604e-05,0.15384641499258578,0.00082070683129131794,0.0029500836972147226,0.018780749989673495,0,3.5166973248124123e-05,5104,5104,5104,1,0:5104:319:5104:0.1638713323045522:0,1@0.02@1024@1024@1024@1[0:1024:64:1024:0.0028566659893840551:0]|2@0.040000000000000001@1888@1888@1888@1[0:1888:118:1888:0.0055544581264257431:0]|3@0.059999999999999998@1888@1888@1888@1[0:1888:118:1888:0.015852541197091341:0]|4@0.080000000000000002@5104@5104@5104@1[0:5104:319:5104:0.025886957300826907:0]|5@0.10000000000000001@5104@5104@5104@1[0:5104:319:5104:0.095168540254235268:0]|6@0.12@5104@5104@5104@1[0:5104:319:5104:0.1638713323045522:0],18,18,0,0,0,0,1.0604571670600553,0,8.8817841970012523e-14,1,2026-10-04T16:18:29.102359+00:00
localized-refinement,serial,32,32,4,2,1024,5104,4.984375,544,1040,3520,319,2,85,0,6,1,1,false,0,0,0,0,1,1,0,0.18379033310338855,0.3756720840174239,0.16439125128090382,0.0059757907874882221,5.2374554798007011e-05,0.15481245797127485,0.00070199882611632347,0.0028469986282289028,0.018868624931201339,0,3.5499921068549156e-05,5104,5104,5104,1,0:5104:319:5104:0.16439125128090382:0,1@0.02@1024@1024@1024@1[0:1024:64:1024:0.0028855830896645784:0]|2@0.040000000000000001@1888@1888@1888@1[0:1888:118:1888:0.0056031250860542059:0]|3@0.059999999999999998@1888@1888@1888@1[0:1888:118:1888:0.016031542094424367:0]|4@0.080000000000000002@5104@5104@5104@1[0:5104:319:5104:0.026314292103052139:0]|5@0.10000000000000001@5104@5104@5104@1[0:5104:319:5104:0.095579001121222973:0]|6@0.12@5104@5104@5104@1[0:5104:319:5104:0.16439125128090382:0],18,18,0,0,0,0,1.0604571670600553,0,8.8817841970012523e-14,2,2026-10-04T16:18:29.482691+00:00
localized-refinement,serial,32,32,4,2,1024,5104,4.984375,544,1040,3520,319,2,85,0,6,1,1,false,0,0,0,0,1,1,0,0.18348845792934299,0.37697787501383573,0.16406699898652732,0.0061655840836465359,5.6749675422906876e-05,0.15425224904902279,0.00070808338932693005,0.0028821658343076706,0.018875124864280224,0,3.5166973248124123e-05,5104,5104,5104,1,0:5104:319:5104:0.16406699898652732:0,1@0.02@1024@1024@1024@1[0:1024:64:1024:0.0028306250460445881:0]|2@0.040000000000000001@1888@1888@1888@1[0:1888:118:1888:0.0054963750299066305:0]|3@0.059999999999999998@1888@1888@1888@1[0:1888:118:1888:0.015789500204846263:0]|4@0.080000000000000002@5104@5104@5104@1[0:5104:319:5104:0.025823957985267043:0]|5@0.10000000000000001@5104@5104@5104@1[0:5104:319:5104:0.094965040916576982:0]|6@0.12@5104@5104@5104@1[0:5104:319:5104:0.16406699898652732:0],18,18,0,0,0,0,1.0604571670600553,0,8.8817841970012523e-14,3,2026-10-04T16:18:29.859930+00:00
localized-refinement,openmp,32,32,4,2,1024,5104,4.984375,544,1040,3520,319,2,85,0,6,1,1,false,0,0,0,0,1,1,0,0.030185292009264231,0.22304333400097676,0.010897334199398756,0.0059517507907003164,6.2583014369010925e-05,0.0010081648360937834,0.0010103329550474882,0.0028629167936742306,0.018786708125844598,0,3.5124830901622772e-05,5104,5104,5104,1,0:5104:319:5104:0.010897334199398756:0,1@0.02@1024@1024@1024@1[0:1024:64:1024:0.00067512504756450653:0]|2@0.040000000000000001@1888@1888@1888@1[0:1888:118:1888:0.0012073752004653215:0]|3@0.059999999999999998@1888@1888@1888@1[0:1888:118:1888:0.0024414581712335348:0]|4@0.080000000000000002@5104@5104@5104@1[0:5104:319:5104:0.0038691251538693905:0]|5@0.10000000000000001@5104@5104@5104@1[0:5104:319:5104:0.0076098751742392778:0]|6@0.12@5104@5104@5104@1[0:5104:319:5104:0.010897334199398756:0],18,18,0,0,0,0,1.0604571670600553,0,8.8817841970012523e-14,1,2026-10-04T16:18:30.083266+00:00
localized-refinement,openmp,32,32,4,2,1024,5104,4.984375,544,1040,3520,319,2,85,0,6,1,1,false,0,0,0,0,1,1,0,0.03039437485858798,0.22614233300555497,0.011030127061530948,0.0058535831049084663,5.8624660596251488e-05,0.0011889999732375145,0.0010547488927841187,0.0028727077879011631,0.0188537931535393,0,3.5291071981191635e-05,5104,5104,5104,1,0:5104:319:5104:0.011030127061530948:0,1@0.02@1024@1024@1024@1[0:1024:64:1024:0.00072912499308586121:0]|2@0.040000000000000001@1888@1888@1888@1[0:1888:118:1888:0.0012700841762125492:0]|3@0.059999999999999998@1888@1888@1888@1[0:1888:118:1888:0.0024924180470407009:0]|4@0.080000000000000002@5104@5104@5104@1[0:5104:319:5104:0.0036090018693357706:0]|5@0.10000000000000001@5104@5104@5104@1[0:5104:319:5104:0.007439168868586421:0]|6@0.12@5104@5104@5104@1[0:5104:319:5104:0.011030127061530948:0],18,18,0,0,0,0,1.0604571670600553,0,8.8817841970012523e-14,2,2026-10-04T16:18:30.309664+00:00
localized-refinement,openmp,32,32,4,2,1024,5104,4.984375,544,1040,3520,319,2,85,0,6,1,1,false,0,0,0,0,1,1,0,0.030428417026996613,0.220241208007792,0.011044123908504844,0.0060429160948842764,7.2874827310442924e-05,0.0010401252657175064,0.0010337498970329762,0.002853041747584939,0.018886459060013294,0,3.5499921068549156e-05,5104,5104,5104,1,0:5104:319:5104:0.011044123908504844:0,1@0.02@1024@1024@1024@1[0:1024:64:1024:0.00068216584622859955:0]|2@0.040000000000000001@1888@1888@1888@1[0:1888:118:1888:0.0012181249912828207:0]|3@0.059999999999999998@1888@1888@1888@1[0:1888:118:1888:0.0024799578823149204:0]|4@0.080000000000000002@5104@5104@5104@1[0:5104:319:5104:0.0035954578779637814:0]|5@0.10000000000000001@5104@5104@5104@1[0:5104:319:5104:0.0076879989355802536:0]|6@0.12@5104@5104@5104@1[0:5104:319:5104:0.011044123908504844:0],18,18,0,0,0,0,1.0604571670600553,0,8.8817841970012523e-14,3,2026-10-04T16:18:30.530148+00:00
localized-refinement,openmp,32,32,4,2,1024,5104,4.984375,544,1040,3520,319,2,85,0,6,2,1,false,0,0,0,0,1,1,0,0.033266082871705294,0.2284104999853298,0.011608416447415948,0.006654457887634635,0.00021091708913445473,0.00089449901133775711,0.00084812426939606667,0.0029987497255206108,0.021021501161158085,0,4.1499966755509377e-05,5104,5104,5104,1,0:5104:319:5104:0.011608416447415948:0,1@0.02@1024@1024@1024@1[0:1024:64:1024:0.0012420841958373785:0]|2@0.040000000000000001@1888@1888@1888@1[0:1888:118:1888:0.0020187920890748501:0]|3@0.059999999999999998@1888@1888@1888@1[0:1888:118:1888:0.0034614582546055317:0]|4@0.080000000000000002@5104@5104@5104@1[0:5104:319:5104:0.0046802081633359194:0]|5@0.10000000000000001@5104@5104@5104@1[0:5104:319:5104:0.0084309582598507404:0]|6@0.12@5104@5104@5104@1[0:5104:319:5104:0.011608416447415948:0],18,18,0,0,0,0,1.0604571670600553,0,8.8817841970012523e-14,1,2026-10-04T16:18:30.758840+00:00
localized-refinement,openmp,32,32,4,2,1024,5104,4.984375,544,1040,3520,319,2,85,0,6,2,1,false,0,0,0,0,1,1,0,0.03319095796905458,0.23882208298891783,0.01186545891687274,0.0068444979842752218,0.00016112462617456913,0.0008680419996380806,0.00083795818500220776,0.003142084926366806,0.020652291132137179,0,4.758383147418499e-05,5104,5104,5104,1,0:5104:319:5104:0.01186545891687274:0,1@0.02@1024@1024@1024@1[0:1024:64:1024:0.00081145809963345528:0]|2@0.040000000000000001@1888@1888@1888@1[0:1888:118:1888:0.0013936250470578671:0]|3@0.059999999999999998@1888@1888@1888@1[0:1888:118:1888:0.0027615840081125498:0]|4@0.080000000000000002@5104@5104@5104@1[0:5104:319:5104:0.0039861260447651148:0]|5@0.10000000000000001@5104@5104@5104@1[0:5104:319:5104:0.0084360430482774973:0]|6@0.12@5104@5104@5104@1[0:5104:319:5104:0.01186545891687274:0],18,18,0,0,0,0,1.0604571670600553,0,8.8817841970012523e-14,2,2026-10-04T16:18:30.997958+00:00
localized-refinement,openmp,32,32,4,2,1024,5104,4.984375,544,1040,3520,319,2,85,0,6,2,1,false,0,0,0,0,1,1,0,0.032641333062201738,0.23513166699558496,0.011758417123928666,0.0069060830865055323,0.00016879220493137836,0.00090770912356674671,0.00084287323988974094,0.0029312092810869217,0.020341458963230252,0,3.5125063732266426e-05,5104,5104,5104,1,0:5104:319:5104:0.011758417123928666:0,1@0.02@1024@1024@1024@1[0:1024:64:1024:0.0007327499333769083:0]|2@0.040000000000000001@1888@1888@1888@1[0:1888:118:1888:0.0013228340540081263:0]|3@0.059999999999999998@1888@1888@1888@1[0:1888:118:1888:0.0025845421478152275:0]|4@0.080000000000000002@5104@5104@5104@1[0:5104:319:5104:0.0037689171731472015:0]|5@0.10000000000000001@5104@5104@5104@1[0:5104:319:5104:0.0085059171542525291:0]|6@0.12@5104@5104@5104@1[0:5104:319:5104:0.011758417123928666:0],18,18,0,0,0,0,1.0604571670600553,0,8.8817841970012523e-14,3,2026-10-04T16:18:31.233360+00:00
localized-refinement,openmp,32,32,4,2,1024,5104,4.984375,544,1040,3520,319,2,85,0,6,4,1,false,0,0,0,0,1,1,0,0.032160792034119368,0.26516449998598546,0.011418584268540144,0.0068394581321626902,0.00020670797675848007,0.00071129202842712402,0.00071045919321477413,0.002949124900624156,0.020195417106151581,0,3.7166057154536247e-05,5104,5104,5104,1,0:5104:319:5104:0.011418584268540144:0,1@0.02@1024@1024@1024@1[0:1024:64:1024:0.00075433310121297836:0]|2@0.040000000000000001@1888@1888@1888@1[0:1888:118:1888:0.0013313330709934235:0]|3@0.059999999999999998@1888@1888@1888@1[0:1888:118:1888:0.0025309161283075809:0]|4@0.080000000000000002@5104@5104@5104@1[0:5104:319:5104:0.0036474582739174366:0]|5@0.10000000000000001@5104@5104@5104@1[0:5104:319:5104:0.0080603752285242081:0]|6@0.12@5104@5104@5104@1[0:5104:319:5104:0.011418584268540144:0],18,18,0,0,0,0,1.0604571670600553,0,8.8817841970012523e-14,1,2026-10-04T16:18:31.498804+00:00
localized-refinement,openmp,32,32,4,2,1024,5104,4.984375,544,1040,3520,319,2,85,0,6,4,1,false,0,0,0,0,1,1,0,0.029601125046610832,0.22466733399778605,0.010158917168155313,0.0058365003205835819,0.0001761261373758316,0.00061353994533419609,0.00064141699112951756,0.0028898327145725489,0.018941125134006143,0,3.6082929000258446e-05,5104,5104,5104,1,0:5104:319:5104:0.010158917168155313:0,1@0.02@1024@1024@1024@1[0:1024:64:1024:0.00076800002716481686:0]|2@0.040000000000000001@1888@1888@1888@1[0:1888:118:1888:0.0013432500418275595:0]|3@0.059999999999999998@1888@1888@1888@1[0:1888:118:1888:0.0025534580927342176:0]|4@0.080000000000000002@5104@5104@5104@1[0:5104:319:5104:0.0036371659953147173:0]|5@0.10000000000000001@5104@5104@5104@1[0:5104:319:5104:0.0071087500546127558:0]|6@0.12@5104@5104@5104@1[0:5104:319:5104:0.010158917168155313:0],18,18,0,0,0,0,1.0604571670600553,0,8.8817841970012523e-14,2,2026-10-04T16:18:31.723724+00:00
localized-refinement,openmp,32,32,4,2,1024,5104,4.984375,544,1040,3520,319,2,85,0,6,4,1,false,0,0,0,0,1,1,0,0.02973245782777667,0.22056387501652353,0.010333582991734147,0.0057428758591413498,0.00018849875777959824,0.00063108373433351517,0.00067671039141714573,0.0030930410139262676,0.018879582174122334,0,3.5542063415050507e-05,5104,5104,5104,1,0:5104:319:5104:0.010333582991734147:0,1@0.02@1024@1024@1024@1[0:1024:64:1024:0.00078862509690225124:0]|2@0.040000000000000001@1888@1888@1888@1[0:1888:118:1888:0.0013840000610798597:0]|3@0.059999999999999998@1888@1888@1888@1[0:1888:118:1888:0.002570499898865819:0]|4@0.080000000000000002@5104@5104@5104@1[0:5104:319:5104:0.0036288329865783453:0]|5@0.10000000000000001@5104@5104@5104@1[0:5104:319:5104:0.0072748330421745777:0]|6@0.12@5104@5104@5104@1[0:5104:319:5104:0.010333582991734147:0],18,18,0,0,0,0,1.0604571670600553,0,8.8817841970012523e-14,3,2026-10-04T16:18:31.944538+00:00
localized-refinement,mpi,32,32,4,2,1024,5104,4.984375,544,1040,3520,319,2,85,0,6,1,1,false,0,0,0,0,1,1,0,0.027559,0.24632733399630524,0.0090019999999999996,0.0058659999999999962,5.4000000000000228e-05,0.00097100000000000311,0.0010259999999999974,0.0010830000000000006,0.018005,0.0011430000000000034,8.099999999999774e-05,5104,5104,5104,1,0:5104:319:5104:0.0090019999999999996:0.001096000000000005,1@0.02@1024@1024@1024@1[0:1024:64:1024:0.00066399999999999966:6.3000000000000556e-05]|2@0.040000000000000001@1888@1888@1888@1[0:1888:118:1888:0.0011450000000000002:0.00013400000000000391]|3@0.059999999999999998@1888@1888@1888@1[0:1888:118:1888:0.0021980000000000003:0.00026800000000000261]|4@0.080000000000000002@5104@5104@5104@1[0:5104:319:5104:0.0031610000000000006:0.00039999999999999584]|5@0.10000000000000001@5104@5104@5104@1[0:5104:319:5104:0.0062290000000000019:0.00074799999999999693]|6@0.12@5104@5104@5104@1[0:5104:319:5104:0.0090019999999999996:0.001096000000000005],18,18,0,0,0,0,1.0604571670600553,0,8.8817841970012523e-14,1,2026-10-04T16:18:32.191144+00:00
localized-refinement,mpi,32,32,4,2,1024,5104,4.984375,544,1040,3520,319,2,85,0,6,1,1,false,0,0,0,0,1,1,0,0.027706000000000001,0.2650207089900505,0.0090459999999999933,0.0058809999999999956,5.6999999999998024e-05,0.00095900000000000672,0.0010380000000000007,0.0011089999999999937,0.018092000000000004,0.0011740000000000084,8.099999999999774e-05,5104,5104,5104,1,0:5104:319:5104:0.0090459999999999933:0.0011280000000000109,1@0.02@1024@1024@1024@1[0:1024:64:1024:0.00061399999999999996:6.7000000000001086e-05]|2@0.040000000000000001@1888@1888@1888@1[0:1888:118:1888:0.0011210000000000005:0.00013800000000000097]|3@0.059999999999999998@1888@1888@1888@1[0:1888:118:1888:0.0021880000000000007:0.00027199999999999967]|4@0.080000000000000002@5104@5104@5104@1[0:5104:319:5104:0.0031630000000000009:0.00041100000000000858]|5@0.10000000000000001@5104@5104@5104@1[0:5104:319:5104:0.0062549999999999984:0.00078000000000000985]|6@0.12@5104@5104@5104@1[0:5104:319:5104:0.0090459999999999933:0.0011280000000000109],18,18,0,0,0,0,1.0604571670600553,0,8.8817841970012523e-14,2,2026-10-04T16:18:32.456423+00:00
localized-refinement,mpi,32,32,4,2,1024,5104,4.984375,544,1040,3520,319,2,85,0,6,1,1,false,0,0,0,0,1,1,0,0.027548,0.2484097910055425,0.0090049999999999991,0.0058309999999999942,5.6000000000002229e-05,0.00097200000000000585,0.0010419999999999995,0.0011020000000000005,0.017991,0.0011569999999999862,7.999999999999674e-05,5104,5104,5104,1,0:5104:319:5104:0.0090049999999999991:0.0011119999999999897,1@0.02@1024@1024@1024@1[0:1024:64:1024:0.00066900000000000119:6.6999999999997617e-05]|2@0.040000000000000001@1888@1888@1888@1[0:1888:118:1888:0.0011550000000000015:0.00013599999999999723]|3@0.059999999999999998@1888@1888@1888@1[0:1888:118:1888:0.0022030000000000018:0.00026399999999999688]|4@0.080000000000000002@5104@5104@5104@1[0:5104:319:5104:0.0031750000000000007:0.00040200000000000131]|5@0.10000000000000001@5104@5104@5104@1[0:5104:319:5104:0.0062530000000000016:0.00075399999999999252]|6@0.12@5104@5104@5104@1[0:5104:319:5104:0.0090049999999999991:0.0011119999999999897],18,18,0,0,0,0,1.0604571670600553,0,8.8817841970012523e-14,3,2026-10-04T16:18:32.705120+00:00
localized-refinement,mpi,32,32,4,2,1024,5104,4.984375,544,1040,3520,319,2,85,0,6,1,2,false,0,0,0,0,1,1,0,0.032321999999999997,0.25887454199255444,0.010158999999999994,0.0066310000000000015,7.2999999999996679e-05,0.0012659999999999946,0.0008970000000000037,0.001288999999999995,0.019206999999999995,0.004741999999999998,0.0021579999999999933,1760,3344,2552,1.3103448275862069,0:3344:209:3344:0.010158999999999994:0.0025910000000000117;1:1760:110:1760:0.010199000000000003:0.0033579999999999773,1@0.02@512@512@512@1[0:512:32:512:0.00058700000000000072:7.9999999999998475e-05;1:512:32:512:0.00061399999999999996:0.00013699999999999823]|2@0.040000000000000001@704@1184@944@1.2542372881355932[0:1184:74:1184:0.001635000000000001:0.0007439999999999964;1:704:44:704:0.0016620000000000003:0.0007580000000000052]|3@0.059999999999999998@704@1184@944@1.2542372881355932[0:1184:74:1184:0.0026650000000000007:0.00089099999999999423;1:704:44:704:0.0026909999999999989:0.0009450000000000066]|4@0.080000000000000002@1760@3344@2552@1.3103448275862069[0:3344:209:3344:0.0035700000000000037:0.0013369999999999927;1:1760:110:1760:0.0035959999999999985:0.0017689999999999841]|5@0.10000000000000001@1760@3344@2552@1.3103448275862069[0:3344:209:3344:0.006966:0.0016840000000000067;1:1760:110:1760:0.0070010000000000037:0.002308999999999976]|6@0.12@1760@3344@2552@1.3103448275862069[0:3344:209:3344:0.010158999999999994:0.0025910000000000117;1:1760:110:1760:0.010199000000000003:0.0033579999999999773],18,18,0,0,0,0,1.0604571670600553,0,3.5527136788005009e-14,1,2026-10-04T16:18:32.964331+00:00
localized-refinement,mpi,32,32,4,2,1024,5104,4.984375,544,1040,3520,319,2,85,0,6,1,2,false,0,0,0,0,1,1,0,0.031229,0.2724385000183247,0.0096039999999999962,0.0067970000000000027,5.5000000000004698e-05,0.0011619999999999964,0.00081399999999999528,0.00077499999999999618,0.019851000000000001,0.0032730000000000189,0.0012290000000000009,1760,3344,2552,1.3103448275862069,0:3344:209:3344:0.0096039999999999962:0.0020670000000000133;1:1760:110:1760:0.0095969999999999996:0.0030850000000000096,1@0.02@512@512@512@1[0:512:32:512:0.00062599999999999982:7.4999999999996944e-05;1:512:32:512:0.00061899999999999976:9.1000000000002537e-05]|2@0.040000000000000001@704@1184@944@1.2542372881355932[0:1184:74:1184:0.0014590000000000002:0.00055999999999999453;1:704:44:704:0.0014520000000000002:0.00060800000000000264]|3@0.059999999999999998@704@1184@944@1.2542372881355932[0:1184:74:1184:0.0024319999999999984:0.00067799999999999458;1:704:44:704:0.0024250000000000001:0.00077600000000000065]|4@0.080000000000000002@1760@3344@2552@1.3103448275862069[0:3344:209:3344:0.0033720000000000017:0.001348000000000002;1:1760:110:1760:0.0033649999999999982:0.0018820000000000139]|5@0.10000000000000001@1760@3344@2552@1.3103448275862069[0:3344:209:3344:0.0069069999999999982:0.0017100000000000032;1:1760:110:1760:0.0069020000000000036:0.0026010000000000113]|6@0.12@1760@3344@2552@1.3103448275862069[0:3344:209:3344:0.0096039999999999962:0.0020670000000000133;1:1760:110:1760:0.0095969999999999996:0.0030850000000000096],18,18,0,0,0,0,1.0604571670600553,0,3.5527136788005009e-14,2,2026-10-04T16:18:33.237043+00:00
localized-refinement,mpi,32,32,4,2,1024,5104,4.984375,544,1040,3520,319,2,85,0,6,1,2,false,0,0,0,0,1,1,0,0.030491999999999998,0.2663087499968242,0.0099529999999999948,0.0067349999999999979,7.5999999999994475e-05,0.0014300000000000077,0.00091799999999999694,0.00079299999999999683,0.018837,0.0035000000000000083,0.0012039999999999967,1760,3344,2552,1.3103448275862069,0:3344:209:3344:0.0099529999999999948:0.0023170000000000118;1:1760:110:1760:0.009955000000000002:0.0031099999999999739,1@0.02@512@512@512@1[0:512:32:512:0.00058500000000000045:7.6999999999998944e-05;1:512:32:512:0.00058300000000000018:7.699999999999721e-05]|2@0.040000000000000001@704@1184@944@1.2542372881355932[0:1184:74:1184:0.0014290000000000014:0.0005659999999999988;1:704:44:704:0.0014260000000000002:0.0006049999999999927]|3@0.059999999999999998@704@1184@944@1.2542372881355932[0:1184:74:1184:0.0024820000000000016:0.00068100000000000105;1:704:44:704:0.0024799999999999996:0.00085499999999999118]|4@0.080000000000000002@1760@3344@2552@1.3103448275862069[0:3344:209:3344:0.0039440000000000013:0.0014170000000000207;1:1760:110:1760:0.0039419999999999976:0.0020419999999999813]|5@0.10000000000000001@1760@3344@2552@1.3103448275862069[0:3344:209:3344:0.007269999999999997:0.0019210000000000182;1:1760:110:1760:0.0072700000000000022:0.0026179999999999745]|6@0.12@1760@3344@2552@1.3103448275862069[0:3344:209:3344:0.0099529999999999948:0.0023170000000000118;1:1760:110:1760:0.009955000000000002:0.0031099999999999739],18,18,0,0,0,0,1.0604571670600553,0,3.5527136788005009e-14,3,2026-10-04T16:18:33.503745+00:00
localized-refinement,mpi,32,32,4,2,1024,5104,4.984375,544,1040,3520,319,2,85,0,6,1,4,false,0,0,0,0,1,1,0,0.034785999999999997,0.2757750829914585,0.011050000000000001,0.0078930000000000042,0.00012099999999999958,0.0016439999999999996,0.00076599999999999932,0.00062499999999999709,0.021587000000000002,0.0071060000000000359,0.0014949999999999963,640,2272,1276,1.780564263322884,0:2272:142:2272:0.011050000000000001:0.0056390000000000259;1:1072:67:1072:0.011061999999999999:0.0055820000000000522;2:1120:70:1120:0.011037999999999996:0.0063519999999999827;3:640:40:640:0.011056999999999994:0.0059729999999999939,1@0.02@256@256@256@1[0:256:16:256:0.001179000000000003:0.00047900000000000026;1:256:16:256:0.0011869999999999971:0.00059700000000000725;2:256:16:256:0.0011739999999999997:0.00062600000000000156;3:256:16:256:0.0011850000000000003:0.00047700000000000173]|2@0.040000000000000001@304@784@472@1.6610169491525424[0:784:49:784:0.0031560000000000026:0.00215000000000002;1:400:25:400:0.0031499999999999966:0.0021790000000000073;2:400:25:400:0.0031449999999999985:0.0022940000000000078;3:304:19:304:0.003143:0.0017270000000000115]|3@0.059999999999999998@304@784@472@1.6610169491525424[0:784:49:784:0.0041960000000000053:0.0023310000000000206;1:400:25:400:0.0041819999999999982:0.0023970000000000068;2:400:25:400:0.0041859999999999987:0.0025740000000000103;3:304:19:304:0.0041850000000000012:0.0020230000000000057]|4@0.080000000000000002@640@2272@1276@1.780564263322884[0:2272:142:2272:0.0052120000000000048:0.0049400000000000208;1:1072:67:1072:0.0051989999999999988:0.0043470000000000453;2:1120:70:1120:0.0052029999999999958:0.0053549999999999848;3:640:40:640:0.0052020000000000018:0.0044109999999999931]|5@0.10000000000000001@640@2272@1276@1.780564263322884[0:2272:142:2272:0.008489000000000007:0.0052840000000000178;1:1072:67:1072:0.0084960000000000001:0.0051090000000000441;2:1120:70:1120:0.0084739999999999989:0.005945999999999986;3:640:40:640:0.0084949999999999991:0.0053679999999999926]|6@0.12@640@2272@1276@1.780564263322884[0:2272:142:2272:0.011050000000000001:0.0056390000000000259;1:1072:67:1072:0.011061999999999999:0.0055820000000000522;2:1120:70:1120:0.011037999999999996:0.0063519999999999827;3:640:40:640:0.011056999999999994:0.0059729999999999939],18,18,0,0,0,0,1.0604571670600553,0,3.1974423109204508e-14,1,2026-10-04T16:18:33.779928+00:00
localized-refinement,mpi,32,32,4,2,1024,5104,4.984375,544,1040,3520,319,2,85,0,6,1,4,false,0,0,0,0,1,1,0,0.035803000000000001,0.28306516699376516,0.011114999999999996,0.0069379999999999893,6.1000000000008964e-05,0.0026099999999999943,0.0008940000000000059,0.00060999999999999596,0.022683000000000002,0.0082609999999999767,0.0013139999999999957,640,2272,1276,1.780564263322884,0:2272:142:2272:0.011114999999999996:0.0069679999999999881;1:1072:67:1072:0.011113999999999999:0.0067330000000000063;2:1120:70:1120:0.011091999999999998:0.0065279999999999366;3:640:40:640:0.011122000000000009:0.0073350000000000151,1@0.02@256@256@256@1[0:256:16:256:0.00063299999999999815:0.00026899999999999841;1:256:16:256:0.00063000000000000209:0.00024300000000000016;2:256:16:256:0.00062999999999999862:0.00013799999999999576;3:256:16:256:0.00063700000000000041:0.00029900000000000065]|2@0.040000000000000001@304@784@472@1.6610169491525424[0:784:49:784:0.0030969999999999991:0.0027600000000000055;1:400:25:400:0.003094000000000003:0.0026700000000000126;2:400:25:400:0.0030949999999999971:0.0027909999999999983;3:304:19:304:0.0031010000000000013:0.0028570000000000088]|3@0.059999999999999998@304@784@472@1.6610169491525424[0:784:49:784:0.0043070000000000018:0.0030090000000000013;1:400:25:400:0.0043110000000000023:0.0030640000000000077;2:400:25:400:0.0042829999999999951:0.0031109999999999957;3:304:19:304:0.0043150000000000011:0.0031510000000000114]|4@0.080000000000000002@640@2272@1276@1.780564263322884[0:2272:142:2272:0.0052020000000000018:0.0059870000000000062;1:1072:67:1072:0.0052060000000000023:0.0057100000000000102;2:1120:70:1120:0.0051779999999999951:0.0052389999999999312;3:640:40:640:0.0052100000000000011:0.0060730000000000228]|5@0.10000000000000001@640@2272@1276@1.780564263322884[0:2272:142:2272:0.0085240000000000003:0.0065919999999999937;1:1072:67:1072:0.0085239999999999969:0.0062660000000000111;2:1120:70:1120:0.0085029999999999967:0.006007999999999937;3:640:40:640:0.0085330000000000076:0.006763000000000019]|6@0.12@640@2272@1276@1.780564263322884[0:2272:142:2272:0.011114999999999996:0.0069679999999999881;1:1072:67:1072:0.011113999999999999:0.0067330000000000063;2:1120:70:1120:0.011091999999999998:0.0065279999999999366;3:640:40:640:0.011122000000000009:0.0073350000000000151],18,18,0,0,0,0,1.0604571670600553,0,3.1974423109204508e-14,2,2026-10-04T16:18:34.063304+00:00
localized-refinement,mpi,32,32,4,2,1024,5104,4.984375,544,1040,3520,319,2,85,0,6,1,4,false,0,0,0,0,1,1,0,0.033661999999999997,0.27108587499242276,0.011781,0.0079990000000000026,0.00021599999999999744,0.0018850000000000013,0.0010120000000000025,0.00066899999999999599,0.020205999999999998,0.0059289999999999829,0.0008879999999999999,640,2272,1276,1.780564263322884,0:2272:142:2272:0.011781:0.0050559999999999841;1:1072:67:1072:0.011894999999999999:0.0059540000000000183;2:1120:70:1120:0.011840999999999999:0.0058519999999999909;3:640:40:640:0.011903000000000007:0.0059510000000000188,1@0.02@256@256@256@1[0:256:16:256:0.00098600000000000076:0.0003270000000000009;1:256:16:256:0.0010819999999999996:0.00057899999999999618;2:256:16:256:0.0010699999999999998:0.00061899999999999976;3:256:16:256:0.0010809999999999986:0.00062699999999999735]|2@0.040000000000000001@304@784@472@1.6610169491525424[0:784:49:784:0.0021060000000000002:0.0010490000000000048;1:400:25:400:0.0022030000000000001:0.0013179999999999963;2:400:25:400:0.0021899999999999992:0.001436999999999999;3:304:19:304:0.0022030000000000001:0.0014489999999999954]|3@0.059999999999999998@304@784@472@1.6610169491525424[0:784:49:784:0.0035030000000000026:0.0014890000000000077;1:400:25:400:0.0036050000000000006:0.001902999999999995;2:400:25:400:0.0035820000000000001:0.001934;3:304:19:304:0.0036059999999999981:0.0019139999999999886]|4@0.080000000000000002@640@2272@1276@1.780564263322884[0:2272:142:2272:0.0044730000000000047:0.0036169999999999813;1:1072:67:1072:0.0045770000000000012:0.0041410000000000162;2:1120:70:1120:0.004529:0.0042459999999999876;3:640:40:640:0.0045760000000000002:0.0039700000000000221]|5@0.10000000000000001@640@2272@1276@1.780564263322884[0:2272:142:2272:0.0090650000000000036:0.004701999999999977;1:1072:67:1072:0.0091739999999999981:0.0054890000000000182;2:1120:70:1120:0.0091230000000000009:0.0053619999999999866;3:640:40:640:0.0091850000000000022:0.0054450000000000193]|6@0.12@640@2272@1276@1.780564263322884[0:2272:142:2272:0.011781:0.0050559999999999841;1:1072:67:1072:0.011894999999999999:0.0059540000000000183;2:1120:70:1120:0.011840999999999999:0.0058519999999999909;3:640:40:640:0.011903000000000007:0.0059510000000000188],18,18,0,0,0,0,1.0604571670600553,0,3.1974423109204508e-14,3,2026-10-04T16:18:34.334688+00:00
localized-refinement,mpi,32,32,4,2,1024,5104,4.984375,544,1040,3520,319,2,85,0,6,1,1,true,0,0,0,0,1,1,0,0.029868999999999951,0.2654425000073388,0.0098100000000000062,0.0065600000000000797,6.4000000000034515e-05,0.0009920000000000935,0.0010589999999999922,0.0011329999999998893,0.019382999999999966,0.0012019999999999965,8.5000000000001741e-05,5104,5104,5104,1,0:5104:319:5104:0.0098100000000000062:0.001152000000000113,1@0.02@1024@1024@1024@1[0:1024:64:1024:0.00092000000000000068:7.1000000000001617e-05]|2@0.040000000000000001@1888@1888@1888@1[0:1888:118:1888:0.0015300000000000001:0.0001399999999999995]|3@0.059999999999999998@1888@1888@1888@1[0:1888:118:1888:0.0026059999999999989:0.00026900000000000014]|4@0.080000000000000002@5104@5104@5104@1[0:5104:319:5104:0.0036129999999999982:0.00042700000000002632]|5@0.10000000000000001@5104@5104@5104@1[0:5104:319:5104:0.0070310000000000303:0.00077600000000018106]|6@0.12@5104@5104@5104@1[0:5104:319:5104:0.0098100000000000062:0.001152000000000113],18,18,0,0,0,0,1.0604571670600553,0,8.8817841970012523e-14,1,2026-10-04T16:18:34.600440+00:00
localized-refinement,mpi,32,32,4,2,1024,5104,4.984375,544,1040,3520,319,2,85,0,6,1,1,true,0,0,0,0,1,1,0,0.029504000000000002,0.265938875003485,0.010390000000000005,0.0068450000000000056,6.200000000000476e-05,0.001178999999999996,0.0011719999999999942,0.0011300000000000025,0.018429999999999998,0.0012100000000000062,9.3000000000002803e-05,5104,5104,5104,1,0:5104:319:5104:0.010390000000000005:0.0011530000000000047,1@0.02@1024@1024@1024@1[0:1024:64:1024:0.00062700000000000082:6.5999999999998352e-05]|2@0.040000000000000001@1888@1888@1888@1[0:1888:118:1888:0.0011150000000000014:0.0001339999999999987]|3@0.059999999999999998@1888@1888@1888@1[0:1888:118:1888:0.0022850000000000023:0.00026799999999999741]|4@0.080000000000000002@5104@5104@5104@1[0:5104:319:5104:0.0032750000000000019:0.00040699999999999417]|5@0.10000000000000001@5104@5104@5104@1[0:5104:319:5104:0.0075940000000000053:0.00079999999999999863]|6@0.12@5104@5104@5104@1[0:5104:319:5104:0.010390000000000005:0.0011530000000000047],18,18,0,0,0,0,1.0604571670600553,0,8.8817841970012523e-14,2,2026-10-04T16:18:34.866645+00:00
localized-refinement,mpi,32,32,4,2,1024,5104,4.984375,544,1040,3520,319,2,85,0,6,1,1,true,0,0,0,0,1,1,0,0.027791999999999997,0.25930008399882354,0.0090550000000000023,0.0058569999999999959,5.7000000000001494e-05,0.0009920000000000033,0.0010420000000000065,0.0011039999999999956,0.018083999999999996,0.0011699999999999749,8.099999999999774e-05,5104,5104,5104,1,0:5104:319:5104:0.0090550000000000023:0.0011229999999999764,1@0.02@1024@1024@1024@1[0:1024:64:1024:0.00068799999999999938:8.099999999999774e-05]|2@0.040000000000000001@1888@1888@1888@1[0:1888:118:1888:0.0011940000000000006:0.00014799999999999709]|3@0.059999999999999998@1888@1888@1888@1[0:1888:118:1888:0.0022400000000000007:0.00027599999999999847]|4@0.080000000000000002@5104@5104@5104@1[0:5104:319:5104:0.0032090000000000018:0.0004159999999999945]|5@0.10000000000000001@5104@5104@5104@1[0:5104:319:5104:0.0063630000000000023:0.0007749999999999823]|6@0.12@5104@5104@5104@1[0:5104:319:5104:0.0090550000000000023:0.0011229999999999764],18,18,0,0,0,0,1.0604571670600553,0,8.8817841970012523e-14,3,2026-10-04T16:18:35.126217+00:00
localized-refinement,mpi,32,32,4,2,1024,5104,4.984375,544,1040,3520,319,2,85,0,6,1,2,true,1,14,224,0.00040899999999999964,1.2542372881355932,1.0169491525423728,2,0.031565000000000003,0.26129158298135735,0.010222999999999993,0.0066870000000000002,0.00083799999999999673,0.00069300000000000091,0.0012629999999999968,0.00074199999999999787,0.018842999999999999,0.0039930000000000365,0.0013919999999999974,2416,2688,2552,1.0532915360501567,0:2688:168:2688:0.010222999999999993:0.0026210000000000382;1:2416:151:2416:0.010250000000000004:0.0026719999999999505,1@0.02@512@512@512@1[0:512:32:512:0.00059800000000000131:7.2999999999998413e-05;1:512:32:512:0.0006030000000000011:7.899999999999921e-05]|2@0.040000000000000001@928@960@944@1.0169491525423728[0:960:60:960:0.0018150000000000006:0.00093599999999999413;1:928:58:928:0.0018200000000000004:0.00097100000000000138]|3@0.059999999999999998@928@960@944@1.0169491525423728[0:960:60:960:0.0034439999999999991:0.0012179999999999951;1:928:58:928:0.0034510000000000009:0.0012130000000000005]|4@0.080000000000000002@2416@2688@2552@1.0532915360501567[0:2688:168:2688:0.0049569999999999996:0.002023000000000023;1:2416:151:2416:0.004975000000000002:0.00206399999999996]|5@0.10000000000000001@2416@2688@2552@1.0532915360501567[0:2688:168:2688:0.0077829999999999948:0.0023080000000000305;1:2416:151:2416:0.0078100000000000062:0.0023729999999999637]|6@0.12@2416@2688@2552@1.0532915360501567[0:2688:168:2688:0.010222999999999993:0.0026210000000000382;1:2416:151:2416:0.010250000000000004:0.0026719999999999505],18,18,0,0,0,0,1.0604571670600553,0,4.6185277824406512e-14,1,2026-10-04T16:18:35.387862+00:00
localized-refinement,mpi,32,32,4,2,1024,5104,4.984375,544,1040,3520,319,2,85,0,6,1,2,true,1,14,224,0.00012399999999999911,1.2542372881355932,1.0169491525423728,2,0.030341999999999997,0.2630481669912115,0.0095200000000000042,0.0072410000000000009,0.00010899999999999625,0.00077799999999999571,0.00071600000000000483,0.00067600000000000646,0.018329000000000002,0.0032629999999999881,0.0017239999999999964,2416,2688,2552,1.0532915360501567,0:2688:168:2688:0.0095200000000000042:0.0015579999999999969;1:2416:151:2416:0.0095190000000000066:0.002058000000000006,1@0.02@512@512@512@1[0:512:32:512:0.00058799999999999998:8.5000000000001741e-05;1:512:32:512:0.00059400000000000078:0.00013099999999999917]|2@0.040000000000000001@928@960@944@1.0169491525423728[0:960:60:960:0.0010830000000000006:0.00021399999999999891;1:928:58:928:0.0010890000000000014:0.00030399999999999872]|3@0.059999999999999998@928@960@944@1.0169491525423728[0:960:60:960:0.0020499999999999997:0.00034099999999999756;1:928:58:928:0.0020550000000000013:0.00041200000000000091]|4@0.080000000000000002@2416@2688@2552@1.0532915360501567[0:2688:168:2688:0.0029239999999999995:0.00093000000000000721;1:2416:151:2416:0.002929000000000001:0.0011380000000000296]|5@0.10000000000000001@2416@2688@2552@1.0532915360501567[0:2688:168:2688:0.006682999999999998:0.0012539999999999982;1:2416:151:2416:0.0066850000000000034:0.0016950000000000177]|6@0.12@2416@2688@2552@1.0532915360501567[0:2688:168:2688:0.0095200000000000042:0.0015579999999999969;1:2416:151:2416:0.0095190000000000066:0.002058000000000006],18,18,0,0,0,0,1.0604571670600553,0,4.6185277824406512e-14,2,2026-10-04T16:18:35.651312+00:00
localized-refinement,mpi,32,32,4,2,1024,5104,4.984375,544,1040,3520,319,2,85,0,6,1,2,true,1,14,224,0.00012500000000000011,1.2542372881355932,1.0169491525423728,2,0.030162000000000001,0.26552287497906946,0.0099679999999999942,0.0073489999999999996,0.00026900000000000188,0.00091600000000000015,0.00072199999999999522,0.00071099999999999636,0.018479999999999996,0.0027169999999999677,0.00082200000000000328,2416,2688,2552,1.0532915360501567,0:2688:168:2688:0.0099679999999999942:0.0019139999999999695;1:2416:151:2416:0.0099959999999999927:0.0022050000000000281,1@0.02@512@512@512@1[0:512:32:512:0.00066899999999999946:0.00016399999999999922;1:512:32:512:0.0006959999999999987:0.00011600000000000152]|2@0.040000000000000001@928@960@944@1.0169491525423728[0:960:60:960:0.0012879999999999992:0.00041699999999999203;1:928:58:928:0.0013149999999999985:0.0004259999999999993]|3@0.059999999999999998@928@960@944@1.0169491525423728[0:960:60:960:0.0022429999999999985:0.00052299999999999222;1:928:58:928:0.0022709999999999987:0.00054900000000000088]|4@0.080000000000000002@2416@2688@2552@1.0532915360501567[0:2688:168:2688:0.0032349999999999983:0.0012149999999999713;1:2416:151:2416:0.0032659999999999998:0.0012600000000000128]|5@0.10000000000000001@2416@2688@2552@1.0532915360501567[0:2688:168:2688:0.0071469999999999971:0.0016449999999999711;1:2416:151:2416:0.0071759999999999966:0.0018170000000000148]|6@0.12@2416@2688@2552@1.0532915360501567[0:2688:168:2688:0.0099679999999999942:0.0019139999999999695;1:2416:151:2416:0.0099959999999999927:0.0022050000000000281],18,18,0,0,0,0,1.0604571670600553,0,4.6185277824406512e-14,3,2026-10-04T16:18:35.917109+00:00
localized-refinement,mpi,32,32,4,2,1024,5104,4.984375,544,1040,3520,319,2,85,0,6,1,4,true,1,66,1056,0.00083599999999999994,1.6610169491525424,1.0847457627118644,2,0.033530999999999998,0.2788079579768237,0.010082000000000004,0.007480000000000004,0.00053199999999999428,0.00067800000000000499,0.00066599999999998952,0.00072400000000000936,0.020316000000000001,0.0056980000000000121,0.00094599999999999546,816,1664,1276,1.3040752351097178,0:1024:64:1024:0.010082000000000004:0.0047610000000000048;1:1664:104:1664:0.010611999999999996:0.0040240000000000137;2:1600:100:1600:0.0099579999999999981:0.0050669999999999847;3:816:51:816:0.010630999999999996:0.005196000000000053,1@0.02@256@256@256@1[0:256:16:256:0.0013489999999999995:0.00060299999999999937;1:256:16:256:0.0018810000000000007:0.00079399999999999957;2:256:16:256:0.0012250000000000004:0.00081000000000000169;3:256:16:256:0.0018880000000000008:0.00030999999999999604]|2@0.040000000000000001@448@512@472@1.0847457627118644[0:448:28:448:0.0024340000000000021:0.0013679999999999942;1:512:32:512:0.0029740000000000009:0.0017730000000000072;2:448:28:448:0.0023169999999999996:0.0019539999999999905;3:480:30:480:0.0029809999999999993:0.0014369999999999956]|3@0.059999999999999998@448@512@472@1.0847457627118644[0:448:28:448:0.0034550000000000032:0.0015239999999999941;1:512:32:512:0.0039900000000000005:0.0019100000000000054;2:448:28:448:0.0033340000000000002:0.0021469999999999892;3:480:30:480:0.0040030000000000013:0.0016089999999999976]|4@0.080000000000000002@816@1664@1276@1.3040752351097178[0:1024:64:1024:0.0043020000000000037:0.003545000000000003;1:1664:104:1664:0.004836:0.0031390000000000029;2:1600:100:1600:0.0041799999999999997:0.0040729999999999829;3:816:51:816:0.0048500000000000019:0.0041250000000000366]|5@0.10000000000000001@816@1664@1276@1.3040752351097178[0:1024:64:1024:0.0076080000000000071:0.0043020000000000037;1:1664:104:1664:0.0081369999999999984:0.0036600000000000035;2:1600:100:1600:0.0074839999999999941:0.0047519999999999889;3:816:51:816:0.0081569999999999993:0.0048150000000000467]|6@0.12@816@1664@1276@1.3040752351097178[0:1024:64:1024:0.010082000000000004:0.0047610000000000048;1:1664:104:1664:0.010611999999999996:0.0040240000000000137;2:1600:100:1600:0.0099579999999999981:0.0050669999999999847;3:816:51:816:0.010630999999999996:0.005196000000000053],18,18,0,0,0,0,1.0604571670600553,0,3.5527136788005009e-14,1,2026-10-04T16:18:36.196243+00:00
localized-refinement,mpi,32,32,4,2,1024,5104,4.984375,544,1040,3520,319,2,85,0,6,1,4,true,1,66,1056,0.00094500000000000139,1.6610169491525424,1.0847457627118644,2,0.032106000000000003,0.2629252080223523,0.0092939999999999967,0.006506999999999992,0.00052100000000001104,0.0010199999999999931,0.00064300000000000468,0.00059900000000000231,0.020132999999999995,0.0052810000000000114,0.00098800000000000276,816,1664,1276,1.3040752351097178,0:1024:64:1024:0.0092939999999999967:0.0043060000000000008;1:1664:104:1664:0.009309000000000003:0.004312999999999987;2:1600:100:1600:0.0093120000000000043:0.0047509999999999809;3:816:51:816:0.0093139999999999994:0.0041789999999999831,1@0.02@256@256@256@1[0:256:16:256:0.00061699999999999949:0.0001380000000000027;1:256:16:256:0.00062199999999999929:0.00011899999999999931;2:256:16:256:0.00062300000000000029:0.00015200000000000109;3:256:16:256:0.00062000000000000076:0.00012599999999999938]|2@0.040000000000000001@448@512@472@1.0847457627118644[0:448:28:448:0.0020149999999999994:0.0015299999999999758;1:512:32:512:0.0020189999999999982:0.0017040000000000007;2:448:28:448:0.002020000000000001:0.0019470000000000008;3:480:30:480:0.0020170000000000014:0.0016389999999999998]|3@0.059999999999999998@448@512@472@1.0847457627118644[0:448:28:448:0.0030279999999999994:0.0017439999999999713;1:512:32:512:0.0030410000000000003:0.0018390000000000038;2:448:28:448:0.0030510000000000016:0.002138000000000001;3:480:30:480:0.0030520000000000026:0.0018459999999999952]|4@0.080000000000000002@816@1664@1276@1.3040752351097178[0:1024:64:1024:0.0039020000000000027:0.0034519999999999933;1:1664:104:1664:0.0039150000000000001:0.0035820000000000123;2:1600:100:1600:0.0039250000000000014:0.0041209999999999754;3:816:51:816:0.0039250000000000014:0.0032069999999999755]|5@0.10000000000000001@816@1664@1276@1.3040752351097178[0:1024:64:1024:0.006856000000000001:0.0038809999999999921;1:1664:104:1664:0.0068710000000000004:0.0040109999999999972;2:1600:100:1600:0.0068740000000000016:0.0044759999999999835;3:816:51:816:0.0068789999999999997:0.0036999999999999898]|6@0.12@816@1664@1276@1.3040752351097178[0:1024:64:1024:0.0092939999999999967:0.0043060000000000008;1:1664:104:1664:0.009309000000000003:0.004312999999999987;2:1600:100:1600:0.0093120000000000043:0.0047509999999999809;3:816:51:816:0.0093139999999999994:0.0041789999999999831],18,18,0,0,0,0,1.0604571670600553,0,3.5527136788005009e-14,2,2026-10-04T16:18:36.459471+00:00
localized-refinement,mpi,32,32,4,2,1024,5104,4.984375,544,1040,3520,319,2,85,0,6,1,4,true,1,66,1056,0.00084200000000000073,1.6610169491525424,1.0847457627118644,2,0.030749000000000005,0.25882658298360184,0.0088610000000000008,0.0066270000000000044,0.0004589999999999976,0.00063300000000000162,0.00061900000000000149,0.00052099999999999716,0.019678000000000001,0.0041049999999999958,0.00070700000000000623,816,1664,1276,1.3040752351097178,0:1024:64:1024:0.0088610000000000008:0.0034059999999999906;1:1664:104:1664:0.0088680000000000009:0.0029799999999999844;2:1600:100:1600:0.0088609999999999921:0.0033430000000000196;3:816:51:816:0.0088409999999999964:0.0032610000000000035,1@0.02@256@256@256@1[0:256:16:256:0.00062999999999999862:9.4999999999999599e-05;1:256:16:256:0.00063299999999999815:0.00016300000000000862;2:256:16:256:0.00063400000000000088:0.00020899999999999912;3:256:16:256:0.00062999999999999862:0.00020600000000000306]|2@0.040000000000000001@448@512@472@1.0847457627118644[0:448:28:448:0.0014739999999999996:0.00061499999999998882;1:512:32:512:0.0014769999999999991:0.00070100000000001932;2:448:28:448:0.0014759999999999999:0.00074699999999999767;3:480:30:480:0.0014729999999999986:0.0007560000000000032]|3@0.059999999999999998@448@512@472@1.0847457627118644[0:448:28:448:0.0024429999999999973:0.00078299999999999377;1:512:32:512:0.0024470000000000013:0.00083500000000001802;2:448:28:448:0.002444:0.00089599999999999402;3:480:30:480:0.002441999999999998:0.00092400000000000121]|4@0.080000000000000002@816@1664@1276@1.3040752351097178[0:1024:64:1024:0.0033279999999999976:0.0025239999999999898;1:1664:104:1664:0.0033310000000000006:0.0022189999999999935;2:1600:100:1600:0.0033289999999999969:0.0026350000000000123;3:816:51:816:0.0033269999999999984:0.0024300000000000051]|5@0.10000000000000001@816@1664@1276@1.3040752351097178[0:1024:64:1024:0.006411:0.0030229999999999962;1:1664:104:1664:0.006415000000000004:0.0026399999999999844;2:1600:100:1600:0.0064099999999999973:0.0030430000000000179;3:816:51:816:0.0063919999999999966:0.002871000000000002]|6@0.12@816@1664@1276@1.3040752351097178[0:1024:64:1024:0.0088610000000000008:0.0034059999999999906;1:1664:104:1664:0.0088680000000000009:0.0029799999999999844;2:1600:100:1600:0.0088609999999999921:0.0033430000000000196;3:816:51:816:0.0088409999999999964:0.0032610000000000035],18,18,0,0,0,0,1.0604571670600553,0,3.5527136788005009e-14,3,2026-10-04T16:18:36.718604+00:00
